id	skillId	firstName	lastName	email	phone	address	age	gender	skillName
8426254c-1c58-480e-a8c1-9a13ee653540	8578c6d6-652f-42cb-a8bb-02623c761c44	Maurice	Wyman	Muriel81@yahoo.com	513-572-3626 x3917	{"street":"463 Ryan Extensions","city":"Lake Sagemouth","state":"Louisiana","zipCode":"36157-4370"}	68	F	Web Development
0fff34e0-071a-4f97-bf8f-b65d50742de5	8578c6d6-652f-42cb-a8bb-02623c761c44	Eden	Brown	Gerhard_Rath@gmail.com	644-968-2732 x94988	{"street":"59191 S College Street","city":"Wittingland","state":"Iowa","zipCode":"37695"}	41	F	Web Development
dc6b22e6-9262-4478-b3d5-2535337ab10c	8578c6d6-652f-42cb-a8bb-02623c761c44	Magnolia	Lueilwitz	Allene_Roob97@gmail.com	277.751.4312 x2359	{"street":"870 Greenfelder Plaza","city":"Florissant","state":"Florida","zipCode":"45315"}	58	F	Web Development
127f093b-13fd-44bc-9c3c-94ddf64e28be	8578c6d6-652f-42cb-a8bb-02623c761c44	Abelardo	Quitzon	Vella90@gmail.com	909-834-6318 x670	{"street":"1765 Russel Rue","city":"Bogisichmouth","state":"Michigan","zipCode":"46865"}	24	M	Web Development
6158194d-c605-4999-8d28-98eab83c2260	8578c6d6-652f-42cb-a8bb-02623c761c44	Leonard	Zboncak	Kareem36@gmail.com	394.997.3587 x4186	{"street":"76958 Carol Plaza","city":"Shemarstead","state":"Vermont","zipCode":"33916"}	73	M	Web Development
7444bbda-e520-46d0-b714-eb8883723818	8578c6d6-652f-42cb-a8bb-02623c761c44	Ludwig	Doyle	Lincoln.Schaefer@yahoo.com	1-592-978-7270 x32153	{"street":"5294 Amy Loaf","city":"New Godfreyfort","state":"New Hampshire","zipCode":"37804-3803"}	39	F	Web Development
9a8ebd7a-7047-42fc-80f3-336b60050d8d	8578c6d6-652f-42cb-a8bb-02623c761c44	Agnes	Hermiston	Odessa.Mueller@gmail.com	738.645.4831 x5452	{"street":"9258 Romaguera Shoals","city":"Port Petraview","state":"Idaho","zipCode":"42176"}	54	M	Web Development
4c8332b8-5c93-4714-bc4d-acfbcb53e86a	8578c6d6-652f-42cb-a8bb-02623c761c44	Selina	Runolfsdottir	Josh_Schmitt@yahoo.com	(243) 828-6248	{"street":"968 Chapel Road","city":"Delphaborough","state":"New Hampshire","zipCode":"98711"}	67	F	Web Development
cfed05d3-67eb-4a71-9b88-0a5068f0f064	8578c6d6-652f-42cb-a8bb-02623c761c44	Helen	Maggio	Deontae_Rogahn@hotmail.com	1-210-241-6702	{"street":"82803 Johnson Wall","city":"East Albert","state":"Iowa","zipCode":"92470"}	55	M	Web Development
c99396e2-32f1-46b0-947b-d94a7fb468b5	8578c6d6-652f-42cb-a8bb-02623c761c44	Adolfo	Kihn	Kirstin14@hotmail.com	1-783-313-5812 x95277	{"street":"820 Lyla Path","city":"Leonardoboro","state":"North Carolina","zipCode":"05659-0986"}	26	F	Web Development
0bae83ef-5d62-4935-a9bd-6b00c8d3ed47	8578c6d6-652f-42cb-a8bb-02623c761c44	Sheldon	Vandervort	Jake.Mertz@gmail.com	1-389-992-7527	{"street":"32883 E Main Street","city":"Bayerland","state":"North Dakota","zipCode":"05031"}	33	F	Web Development
7ecfd1d4-0c03-4ad5-9183-85c2939c1194	8578c6d6-652f-42cb-a8bb-02623c761c44	Coby	Emmerich	Mariane_Williamson57@yahoo.com	(613) 689-8254 x3013	{"street":"172 W Broad Street","city":"Rohnert Park","state":"Iowa","zipCode":"85977"}	59	F	Web Development
1d3f4b89-117b-4f52-91c0-5779c50b3e2b	8578c6d6-652f-42cb-a8bb-02623c761c44	Rubie	Gulgowski	Anya56@hotmail.com	408-772-7406 x615	{"street":"17863 Josiane Gateway","city":"Wolfchester","state":"Texas","zipCode":"74513"}	24	F	Web Development
cea1ccea-cee6-46b0-a534-7b9b9dada735	8578c6d6-652f-42cb-a8bb-02623c761c44	Anahi	Keeling	Maxie.Schultz53@gmail.com	1-419-653-2416	{"street":"1453 Crooks Fork","city":"Port Charlie","state":"Wisconsin","zipCode":"66725"}	55	F	Web Development
ab7a4b52-7b9c-452b-b1e7-db6b2ffe3d13	8578c6d6-652f-42cb-a8bb-02623c761c44	Francesca	Kutch	Sean_Reynolds@yahoo.com	1-989-968-0277 x8083	{"street":"84144 Commerce Street","city":"East Ronnyland","state":"North Carolina","zipCode":"01562"}	55	F	Web Development
1e392cfd-3d9a-4657-bc81-7899540b48fc	8578c6d6-652f-42cb-a8bb-02623c761c44	Vivien	Rau	Elenora_Heaney@yahoo.com	1-507-699-6033 x575	{"street":"2307 E Broadway","city":"Fort Garfieldchester","state":"Illinois","zipCode":"80666"}	47	M	Web Development
49cef0d5-268b-400c-b039-d7a471991d24	8578c6d6-652f-42cb-a8bb-02623c761c44	Anais	Rutherford	Marcia_Hills@hotmail.com	(906) 973-6218	{"street":"4657 Orie Land","city":"Fort Fabianbury","state":"Vermont","zipCode":"22787"}	42	F	Web Development
4f13274b-1fa0-4831-bf54-6679737af2e2	8578c6d6-652f-42cb-a8bb-02623c761c44	Ervin	Howe	Yasmin_Hilll82@hotmail.com	435-294-3618 x331	{"street":"20047 Kutch Club","city":"Langstad","state":"New Hampshire","zipCode":"64317"}	50	F	Web Development
32d2a9e3-b860-411a-beda-47fc6892bcef	8578c6d6-652f-42cb-a8bb-02623c761c44	Jonatan	Padberg	Rosalee70@yahoo.com	(859) 907-2949 x32048	{"street":"164 S Broadway Street","city":"Fort Naomiefield","state":"Illinois","zipCode":"50750"}	48	M	Web Development
08d08bd8-4f1b-4a7e-aaea-bd0b1756ec00	8578c6d6-652f-42cb-a8bb-02623c761c44	Al	Wisozk	Francesco.Franecki@hotmail.com	1-733-792-2066 x89533	{"street":"85448 Chapel Street","city":"Waterston","state":"Vermont","zipCode":"68587-1136"}	31	F	Web Development
daea3363-8d92-4fa5-a075-243e49221a4c	b4ef9ad7-bbe3-41be-a689-cb6e6f753d31	Tyrel	Nikolaus	Jimmy_Franey@hotmail.com	756-912-2632	{"street":"69218 W State Street","city":"Conroychester","state":"Oklahoma","zipCode":"31384-9244"}	43	F	CAD Design
9420d421-2dac-499b-8c71-594d2e96c150	b4ef9ad7-bbe3-41be-a689-cb6e6f753d31	Bonnie	Smith	Remington_Deckow@hotmail.com	1-429-817-0592	{"street":"511 Braun Springs","city":"Gladyceville","state":"Nebraska","zipCode":"20426-7310"}	70	F	CAD Design
39076b0f-98ca-4fd9-a02e-10c6a09faf73	b4ef9ad7-bbe3-41be-a689-cb6e6f753d31	Jensen	Lockman	Neil.Kunze@gmail.com	647.341.4808 x8327	{"street":"61627 N Court Street","city":"Smyrna","state":"Delaware","zipCode":"68696-0179"}	72	F	CAD Design
3af528dc-b5ed-4e61-ab1a-d98906c99c2e	b4ef9ad7-bbe3-41be-a689-cb6e6f753d31	Jalen	Miller	Joshua.Frami75@yahoo.com	474.841.6931 x30713	{"street":"71534 Gianni Shoals","city":"East Kylie","state":"Missouri","zipCode":"14407"}	40	F	CAD Design
da987d7e-c849-4fe8-9a51-f3c593e6db03	b4ef9ad7-bbe3-41be-a689-cb6e6f753d31	Paolo	Gleason	Nat_Nolan10@yahoo.com	260-830-2331	{"street":"18811 Schultz Neck","city":"Zboncakton","state":"New Jersey","zipCode":"92676"}	52	M	CAD Design
88c2aa8e-a3bb-4593-96ba-c77ca4a6d7d2	b4ef9ad7-bbe3-41be-a689-cb6e6f753d31	Abbie	Kris	Natalie_Goldner@hotmail.com	370-246-1154 x9108	{"street":"17769 Johnathon Grove","city":"Casperboro","state":"Connecticut","zipCode":"53068-4972"}	32	M	CAD Design
b0ba2f2b-1e0d-4913-b4c1-ad0d38d7d36f	b4ef9ad7-bbe3-41be-a689-cb6e6f753d31	Andrew	Blanda	Della_Runte79@yahoo.com	(928) 864-1379 x22897	{"street":"98642 Ankunding Terrace","city":"Medford","state":"West Virginia","zipCode":"65141-3914"}	56	M	CAD Design
8c8d9079-37d1-480f-9df2-8873bd9cde4c	b4ef9ad7-bbe3-41be-a689-cb6e6f753d31	Eleonore	Wuckert-Schowalter	Maeve_Herman34@yahoo.com	1-414-257-7219 x936	{"street":"7210 Oakfield Road","city":"Port Ozellashire","state":"Georgia","zipCode":"06635-3085"}	42	F	CAD Design
e63f336b-7c54-4f8d-a074-1340d1161106	b4ef9ad7-bbe3-41be-a689-cb6e6f753d31	Isabella	Kemmer	Kip.Rempel@yahoo.com	(228) 780-9028 x269	{"street":"95843 Hyatt Valley","city":"Roswell","state":"Wisconsin","zipCode":"19122"}	68	F	CAD Design
16af4b85-dfdb-4ae4-b58f-68bbd59908e9	b4ef9ad7-bbe3-41be-a689-cb6e6f753d31	Mohammad	Smith	Adriana.Sporer87@hotmail.com	(277) 812-2422 x900	{"street":"9930 S Washington Avenue","city":"Port Bernita","state":"Missouri","zipCode":"93746-5980"}	72	F	CAD Design
6c6b0347-d3e1-4b43-a934-e4beccf838d1	b4ef9ad7-bbe3-41be-a689-cb6e6f753d31	Cynthia	Wiegand	Andy_Keebler35@yahoo.com	339-508-4237 x62188	{"street":"673 Streich Ports","city":"Fort Artland","state":"Arkansas","zipCode":"65316"}	30	M	CAD Design
f838ab42-2b96-4e72-81cd-34b2e2d75255	b4ef9ad7-bbe3-41be-a689-cb6e6f753d31	Christop	Conn	Linnea.Beer@hotmail.com	475-845-6895 x113	{"street":"541 Destiney Mountains","city":"Randalfield","state":"Ohio","zipCode":"32784"}	70	F	CAD Design
3cc7732c-a622-46d1-9168-2655862731b4	b4ef9ad7-bbe3-41be-a689-cb6e6f753d31	Sonny	Morissette	Allie38@gmail.com	217.825.0350 x4792	{"street":"983 Kaelyn Place","city":"Gutkowskicester","state":"Alabama","zipCode":"99376-2694"}	50	F	CAD Design
3a4c7495-e8cc-41e2-8f81-132c377e4d78	b4ef9ad7-bbe3-41be-a689-cb6e6f753d31	Willis	Dicki	Ruth.Cummerata@hotmail.com	214-677-6386 x776	{"street":"164 Reinger Keys","city":"San Angelo","state":"South Dakota","zipCode":"00386-1923"}	71	F	CAD Design
3c8912aa-be43-4503-a924-624511c4407a	b4ef9ad7-bbe3-41be-a689-cb6e6f753d31	Melyna	Funk-Jones	Marvin34@hotmail.com	300-914-9115 x019	{"street":"3839 16th Street","city":"Saginaw","state":"Vermont","zipCode":"36687"}	49	M	CAD Design
f58b3950-fae4-421f-aa23-d4cbcda80fb0	b4ef9ad7-bbe3-41be-a689-cb6e6f753d31	Lura	Murray	Agustina.Wiegand@gmail.com	(428) 963-8853 x5375	{"street":"84845 Juniper Close","city":"Jerdemouth","state":"South Dakota","zipCode":"77414-3454"}	31	F	CAD Design
589e980b-885c-4488-a3b3-39acc675d438	b4ef9ad7-bbe3-41be-a689-cb6e6f753d31	Santino	Kilback	Willis_Bruen@yahoo.com	1-246-379-7212 x15387	{"street":"941 Langworth Key","city":"Port Beryl","state":"Louisiana","zipCode":"71760"}	60	F	CAD Design
6c04cd98-1fa4-49e5-acc4-8db44771261d	b4ef9ad7-bbe3-41be-a689-cb6e6f753d31	Alessia	Douglas	Electa86@gmail.com	(358) 726-2567 x25279	{"street":"56115 Rowe Course","city":"Rhiannonstad","state":"Michigan","zipCode":"42091-6922"}	41	F	CAD Design
802c669d-637f-4664-9f5d-01ec8148a9d4	b4ef9ad7-bbe3-41be-a689-cb6e6f753d31	Vita	Jerde	Miguel.Christiansen@hotmail.com	878-995-7427 x663	{"street":"233 E 4th Street","city":"Gerlachshire","state":"Massachusetts","zipCode":"46760"}	63	M	CAD Design
e7418214-a23c-4bf4-972f-c682523b507a	b4ef9ad7-bbe3-41be-a689-cb6e6f753d31	Dakota	Huel	Chase_Champlin67@yahoo.com	1-366-407-8722 x779	{"street":"9739 Mary Street","city":"Port Assunta","state":"Montana","zipCode":"22097-8832"}	49	M	CAD Design
33eb019f-ed6d-4c3f-ac1e-2cef7ccb35de	6725ae55-6add-4f45-be20-aaed382c82a2	Kelli	Quigley	Jaleel2@yahoo.com	1-454-201-5684	{"street":"1957 Stamm Junctions","city":"Fort Elenora","state":"Illinois","zipCode":"65428-7398"}	57	F	Network Security
e819665c-9ad7-4161-a3eb-093bd96897dd	6725ae55-6add-4f45-be20-aaed382c82a2	Willy	McCullough	Maurice53@hotmail.com	833-946-4426	{"street":"947 Kylie Valleys","city":"New Edgarfurt","state":"Kansas","zipCode":"40805-0381"}	73	F	Network Security
6d32071a-b85d-4ccb-8c8e-9dc68dc2ab89	6725ae55-6add-4f45-be20-aaed382c82a2	Dana	Witting	Dulce.Hane@yahoo.com	750-638-0779 x63060	{"street":"94504 Kaelyn Unions","city":"Lake Silas","state":"New York","zipCode":"14970"}	57	F	Network Security
d9692f1f-642e-45e7-ac3e-d4eaf177728f	6725ae55-6add-4f45-be20-aaed382c82a2	Wendy	Effertz	Vicky68@hotmail.com	899-861-1533 x5564	{"street":"639 Lonie Shoal","city":"Krajciktown","state":"Michigan","zipCode":"96418-3613"}	35	F	Network Security
13c3ffc7-6aa2-4ed6-9c53-e6f14dc95b27	6725ae55-6add-4f45-be20-aaed382c82a2	Madilyn	Rodriguez	Colin.Fay0@gmail.com	1-807-725-7466	{"street":"748 Water Street","city":"Lake Juvenalland","state":"New Hampshire","zipCode":"13392-3198"}	36	M	Network Security
462b1b71-df96-4141-aa61-230fc5abd72e	6725ae55-6add-4f45-be20-aaed382c82a2	Barrett	Mayert	Anastacio.Bednar@gmail.com	1-551-437-0264 x70900	{"street":"894 Hand Parks","city":"Irwinchester","state":"Nebraska","zipCode":"20237-6989"}	59	F	Network Security
b940e02a-3e50-4439-80c1-7b8bc814550c	6725ae55-6add-4f45-be20-aaed382c82a2	Joy	Mraz	Robin80@gmail.com	1-253-412-3207 x21248	{"street":"378 Nelson Prairie","city":"North Chad","state":"Louisiana","zipCode":"38093-3025"}	69	F	Network Security
3cf25a45-fbe1-43b5-982f-2a53d6bd6f90	6725ae55-6add-4f45-be20-aaed382c82a2	Weston	Stracke	Isaac26@yahoo.com	(700) 711-0140 x5061	{"street":"8734 Dolly Drives","city":"Maximilliabury","state":"Florida","zipCode":"08655"}	52	F	Network Security
43d6b1c1-f96a-4861-b261-d07023988917	6725ae55-6add-4f45-be20-aaed382c82a2	Christop	Jacobs	Magnus_MacGyver-Klein28@yahoo.com	1-211-790-3441 x7049	{"street":"7053 Brad Stravenue","city":"North Emilefurt","state":"West Virginia","zipCode":"58005-5125"}	67	M	Network Security
6d988353-bcb4-48d4-bd4d-40f10de2dd96	6725ae55-6add-4f45-be20-aaed382c82a2	Fiona	Weimann	Ceasar_Rippin16@gmail.com	(621) 576-3595	{"street":"642 Market Place","city":"Feltonworth","state":"Arkansas","zipCode":"31659-1137"}	45	F	Network Security
35487c81-9a65-458b-8ce8-cf22b6e56f03	6725ae55-6add-4f45-be20-aaed382c82a2	Reynold	Legros	Daphne_Mitchell-Vandervort22@hotmail.com	753.309.0095	{"street":"2721 Center Street","city":"Wuckertboro","state":"Maine","zipCode":"44089"}	49	F	Network Security
d97b52d3-806c-4ca0-9271-c3661589f02c	6725ae55-6add-4f45-be20-aaed382c82a2	Dean	Pouros	Rosalia.Barrows73@hotmail.com	996-990-4937	{"street":"18414 Myra Forest","city":"Rochester Hills","state":"Arkansas","zipCode":"57510-0268"}	50	F	Network Security
72467d25-ec1c-4c8d-a620-9522d0aa4953	6725ae55-6add-4f45-be20-aaed382c82a2	Leslie	Cummerata	Kathryne60@gmail.com	1-648-534-1525 x516	{"street":"90409 Arno Dale","city":"Harveyton","state":"Illinois","zipCode":"95775-7120"}	27	F	Network Security
1f875b3c-3c7e-478e-9dc8-0df361b3a106	6725ae55-6add-4f45-be20-aaed382c82a2	Cleo	Bayer	Tessie.DuBuque-Ritchie@gmail.com	943.288.8074	{"street":"161 Kihn Rest","city":"Bertachester","state":"Oregon","zipCode":"45288"}	31	F	Network Security
2d2e756c-8df3-412d-bc19-3bac60522681	6725ae55-6add-4f45-be20-aaed382c82a2	Shana	Moen	Dayana_Morar@gmail.com	366-445-0970 x857	{"street":"467 Castle Street","city":"Hacienda Heights","state":"Idaho","zipCode":"29480"}	27	F	Network Security
13dc7180-22e3-449b-9b0f-9719d8564f79	6725ae55-6add-4f45-be20-aaed382c82a2	Diego	Ratke	Abbigail_Greenholt@gmail.com	323-753-2426	{"street":"842 Bailey Crossing","city":"New Olintown","state":"Vermont","zipCode":"72779-5050"}	62	F	Network Security
b0499ebc-3636-4175-bbb0-3ef885f7cda1	6725ae55-6add-4f45-be20-aaed382c82a2	Lane	Stroman	Lisette.Harber@hotmail.com	246.295.3512 x8001	{"street":"8974 Catharine Junction","city":"Fort Giovani","state":"Wyoming","zipCode":"01423-4173"}	30	F	Network Security
fcf10c8b-7bb0-4ef6-897e-b23f4efa96a3	6725ae55-6add-4f45-be20-aaed382c82a2	Alayna	Mitchell	Hardy37@gmail.com	1-532-543-3543	{"street":"185 Isaac Knoll","city":"Davisboro","state":"Idaho","zipCode":"31936"}	54	M	Network Security
0c9ec893-5e1e-4de2-ba27-79d8e0135214	6725ae55-6add-4f45-be20-aaed382c82a2	Fiona	Macejkovic	Connie_Barrows-Kautzer33@yahoo.com	(700) 213-1140 x219	{"street":"7539 Railway Street","city":"Lake Berenice","state":"Washington","zipCode":"16363-5768"}	43	M	Network Security
00857a8b-b66d-46b4-b2f6-cf86e24435f1	6725ae55-6add-4f45-be20-aaed382c82a2	Ernestine	Skiles	Ila62@gmail.com	1-697-433-4640 x6032	{"street":"19709 Grimes Valley","city":"South Colinfort","state":"New Jersey","zipCode":"53261-1433"}	57	M	Network Security
05cd0a34-d343-4186-b4fa-2b87b29770ff	25a69b5f-5f1b-405a-901d-41e15631b7f2	Trisha	Cartwright	Tyra.Blanda@gmail.com	373.838.6542	{"street":"34010 Mozell Mountain","city":"Watsonville","state":"Washington","zipCode":"92273-2989"}	47	F	3D Animation
91f448ba-7215-4158-bd23-ea3fb7a2e67e	25a69b5f-5f1b-405a-901d-41e15631b7f2	Anastacio	Dare	Billie_Wintheiser65@gmail.com	466-732-0429 x2869	{"street":"922 W Grand Avenue","city":"Fort Barrettstead","state":"Kentucky","zipCode":"06258-5643"}	37	F	3D Animation
70ecc7a8-9e2e-45ad-8bbb-4af472673639	25a69b5f-5f1b-405a-901d-41e15631b7f2	Salma	Carter	Julien.Boyer-Wisozk59@yahoo.com	1-948-317-5401 x432	{"street":"69797 O'Keefe Bridge","city":"Fort Jayden","state":"Connecticut","zipCode":"46295"}	66	F	3D Animation
1fea7e13-0be7-422e-9647-75b598d8784a	25a69b5f-5f1b-405a-901d-41e15631b7f2	Anya	Walsh	Maxie.Christiansen97@gmail.com	790.823.4050 x08471	{"street":"599 Tillman Corners","city":"Morissetteburgh","state":"Idaho","zipCode":"74780-0739"}	56	M	3D Animation
aa6199d6-9274-4c62-8989-7195be2877a9	25a69b5f-5f1b-405a-901d-41e15631b7f2	Remington	Toy	Brandyn.Lueilwitz@yahoo.com	(466) 224-6764 x41830	{"street":"620 Shields Freeway","city":"Wittingcester","state":"Alabama","zipCode":"53005"}	37	F	3D Animation
bb80c821-f439-47e7-9cca-9d455d535fa9	25a69b5f-5f1b-405a-901d-41e15631b7f2	Jailyn	Murray	Willow36@gmail.com	909-773-4665 x613	{"street":"844 1st Street","city":"South Alda","state":"Florida","zipCode":"06363"}	55	F	3D Animation
4e4c74e1-00d4-48b6-bf40-913010702873	25a69b5f-5f1b-405a-901d-41e15631b7f2	Johnny	Carroll	Josie.Abernathy45@yahoo.com	(517) 298-1848 x30078	{"street":"53396 Gloucester Road","city":"Cupertino","state":"New Jersey","zipCode":"09870-7394"}	57	F	3D Animation
537b7fc4-e753-40d0-bebe-cd374dbb2748	25a69b5f-5f1b-405a-901d-41e15631b7f2	Katharina	Hegmann	Esta.Lebsack@gmail.com	422-411-6176 x097	{"street":"361 Thiel Centers","city":"Port Jovannyton","state":"Georgia","zipCode":"65467-9621"}	30	F	3D Animation
45fff311-22d3-44ca-bc78-7df6237f3f96	25a69b5f-5f1b-405a-901d-41e15631b7f2	Jeanne	Ziemann	Cyril.Heidenreich@gmail.com	(312) 257-4949 x48740	{"street":"6806 N Monroe Street","city":"Howemouth","state":"Nevada","zipCode":"20914-6824"}	54	M	3D Animation
b7097ee3-a632-4099-8a73-7c074efee2f8	25a69b5f-5f1b-405a-901d-41e15631b7f2	Maxwell	Walsh	Eudora21@yahoo.com	(569) 258-6932	{"street":"221 N Main Street","city":"East Emory","state":"Tennessee","zipCode":"88006"}	38	M	3D Animation
2b8fda89-a1fa-4429-bbe7-e47ad1d3e924	25a69b5f-5f1b-405a-901d-41e15631b7f2	Kaylie	Moore	Birdie.Hessel@gmail.com	1-790-713-5703 x2961	{"street":"97815 Murazik Common","city":"South Serena","state":"Colorado","zipCode":"23238"}	31	F	3D Animation
12340e13-8856-498b-ace0-1cc4779630b1	25a69b5f-5f1b-405a-901d-41e15631b7f2	Meghan	Glover	Earnestine_Harvey29@hotmail.com	1-992-500-0643 x559	{"street":"88596 Nader Mountain","city":"Port Ruben","state":"South Dakota","zipCode":"54751"}	36	F	3D Animation
32f702ae-c6e8-4293-94d4-d6827535e2c9	25a69b5f-5f1b-405a-901d-41e15631b7f2	Alison	Blanda	Mikel12@yahoo.com	983.631.0232 x55254	{"street":"56771 State Road","city":"Jacynthehaven","state":"Nebraska","zipCode":"17137"}	43	F	3D Animation
c0f2112d-2e42-45a8-bf7c-e8d28820c774	25a69b5f-5f1b-405a-901d-41e15631b7f2	Effie	Dicki	Marisa_McDermott5@gmail.com	(423) 969-9404 x9949	{"street":"8748 N Oak Street","city":"Port Cindymouth","state":"Wyoming","zipCode":"30581-7688"}	59	F	3D Animation
d0fccea3-50d7-410b-819f-8910f2e5234a	25a69b5f-5f1b-405a-901d-41e15631b7f2	Cara	Botsford	Kenya0@hotmail.com	(767) 445-6822 x558	{"street":"7450 Karen Key","city":"Boyleworth","state":"Montana","zipCode":"14125-3944"}	29	F	3D Animation
98fac828-61b0-4d02-957d-e95a7971c707	25a69b5f-5f1b-405a-901d-41e15631b7f2	Alene	Hilpert	Keegan.Labadie@hotmail.com	216-683-2087 x24651	{"street":"2929 Adams Plains","city":"Lake Chaseberg","state":"Washington","zipCode":"18191"}	73	F	3D Animation
037aadee-1e1b-40d5-8d54-4ae7a6c3ee65	25a69b5f-5f1b-405a-901d-41e15631b7f2	Karina	Osinski	Clare64@yahoo.com	(326) 883-8547 x161	{"street":"975 Citlalli Circle","city":"Rocklin","state":"Arizona","zipCode":"34079"}	24	F	3D Animation
161e7ba3-921b-43e0-9fbe-b06953667bae	25a69b5f-5f1b-405a-901d-41e15631b7f2	Krystina	Torp	Gilberto_Kihn32@hotmail.com	(357) 997-3545	{"street":"179 Borer Fork","city":"New Yasmin","state":"Vermont","zipCode":"24892-0965"}	63	F	3D Animation
2987c96e-faea-4edf-8a8d-74f78b31611b	25a69b5f-5f1b-405a-901d-41e15631b7f2	Tito	Hintz	Hipolito.Witting58@hotmail.com	746.416.0388 x8391	{"street":"227 Demond Knolls","city":"Beerborough","state":"Nebraska","zipCode":"75120-0287"}	67	F	3D Animation
fde756c4-c5b2-4065-a056-799f8cbef5bc	25a69b5f-5f1b-405a-901d-41e15631b7f2	Donald	Hand	Abdul_Windler@gmail.com	700.714.5424	{"street":"1392 Gibson Lake","city":"Fort Domenico","state":"Indiana","zipCode":"30635"}	67	M	3D Animation
4778d5c6-2091-4b08-845c-c40908a6c103	2c68f901-9521-4a66-8401-984a73dcc625	Shakira	Daniel	Cesar69@gmail.com	1-912-447-4383	{"street":"351 Hilario Plain","city":"Port Eileenhaven","state":"Maine","zipCode":"28870"}	66	M	Cloud Engineering
5e37c260-72d3-4398-b22a-c68ee92a6d05	2c68f901-9521-4a66-8401-984a73dcc625	Daisha	Kunze	Jonatan_Mueller@yahoo.com	286-464-7227 x58004	{"street":"25829 Lesch Shoals","city":"West Irvingfort","state":"Maine","zipCode":"67007"}	33	F	Cloud Engineering
86120384-6eb6-4ab6-a7f5-87637867f215	2c68f901-9521-4a66-8401-984a73dcc625	Kayli	Reinger	Isabella16@gmail.com	1-585-958-6104	{"street":"28669 Franey Via","city":"New Roselynbury","state":"Montana","zipCode":"98053-7006"}	56	F	Cloud Engineering
82abb269-8c86-4078-930b-fe797d07d692	2c68f901-9521-4a66-8401-984a73dcc625	Geoffrey	Volkman	Parker.Murray@hotmail.com	(654) 848-1795	{"street":"69637 Volkman River","city":"Corvallis","state":"Florida","zipCode":"42656"}	40	F	Cloud Engineering
7d2cdb56-9737-4805-835a-26aafe762965	2c68f901-9521-4a66-8401-984a73dcc625	Charlie	Halvorson	Elena_Gislason@yahoo.com	1-714-466-2022 x35617	{"street":"15515 Koelpin Corner","city":"West Johann","state":"Texas","zipCode":"32405-7538"}	39	F	Cloud Engineering
13ba4252-08e3-4179-a818-323a6275e4ca	2c68f901-9521-4a66-8401-984a73dcc625	Brionna	Kling	Mekhi88@yahoo.com	772-899-1946	{"street":"8795 Carley Shoal","city":"Port Lauryncester","state":"Utah","zipCode":"48302"}	47	F	Cloud Engineering
7600274b-5100-488a-a3ed-0e02a4741563	2c68f901-9521-4a66-8401-984a73dcc625	Wiley	Schaefer-Jacobs	Vivianne.Lowe@yahoo.com	710.559.5625 x590	{"street":"2192 Buckridge Manor","city":"Lemkeburgh","state":"Louisiana","zipCode":"21839-6294"}	71	F	Cloud Engineering
091e0a62-3a15-4629-b39a-8251a968500e	2c68f901-9521-4a66-8401-984a73dcc625	Dayna	Carter	Elwin.Rice41@gmail.com	1-855-562-0984 x6723	{"street":"60027 Marlborough Road","city":"Cambridge","state":"Kansas","zipCode":"59304"}	43	F	Cloud Engineering
64f66b18-ea53-4990-a457-60fc9e56e780	2c68f901-9521-4a66-8401-984a73dcc625	Elissa	Deckow	Tyson.Boehm@yahoo.com	508-433-0715	{"street":"65648 Dena Estate","city":"West Flo","state":"North Carolina","zipCode":"83301-5697"}	56	F	Cloud Engineering
fc151d83-8a0f-4a8c-8a9c-565d8116bd7d	2c68f901-9521-4a66-8401-984a73dcc625	Trevor	Hyatt	Tianna.Kulas43@gmail.com	747-572-4780 x37263	{"street":"848 Soledad Road","city":"Altenwerthhaven","state":"Maryland","zipCode":"70858"}	51	F	Cloud Engineering
bc59e98a-c3cb-4075-b3d7-a7653d13266c	2c68f901-9521-4a66-8401-984a73dcc625	Harvey	Walker	Conor.Morissette@hotmail.com	315-301-2530	{"street":"1033 Mark Club","city":"Kelvinburgh","state":"Vermont","zipCode":"52005"}	59	F	Cloud Engineering
b5292f77-39ea-4bc7-a8ce-a1f470b4ba5a	2c68f901-9521-4a66-8401-984a73dcc625	Aryanna	Roob	Nakia16@gmail.com	760-700-0815	{"street":"133 Noemy Summit","city":"Eugene","state":"Minnesota","zipCode":"03026"}	65	F	Cloud Engineering
73ce6033-00e7-4a56-8578-101ffcd07a88	2c68f901-9521-4a66-8401-984a73dcc625	Dallas	Lesch	Ari79@gmail.com	1-963-464-3649 x4013	{"street":"7695 N Poplar Street","city":"Lake Sincereberg","state":"Missouri","zipCode":"80891"}	37	F	Cloud Engineering
869adcf8-0ed2-4178-ae9b-921db6ad816e	2c68f901-9521-4a66-8401-984a73dcc625	Madyson	Batz	Nakia.Abshire@gmail.com	1-782-756-6946 x915	{"street":"51608 Church Lane","city":"Jackhaven","state":"North Dakota","zipCode":"49137-0416"}	25	M	Cloud Engineering
96835423-1537-4082-a277-3a2e7bb5dece	2c68f901-9521-4a66-8401-984a73dcc625	Mackenzie	Cormier-Zieme	Osvaldo_Lebsack0@hotmail.com	250.739.5387	{"street":"718 Mathilde Forge","city":"Oxnard","state":"Wyoming","zipCode":"96220"}	51	M	Cloud Engineering
d7f885cf-42be-49d0-a09d-4bd30cfd9e42	2c68f901-9521-4a66-8401-984a73dcc625	Hilda	Howe	Itzel_Bode15@gmail.com	(581) 981-8069 x80782	{"street":"5792 Willow Grove","city":"Lake Lea","state":"Oklahoma","zipCode":"39336-6196"}	66	M	Cloud Engineering
83091d97-5bf2-419e-b7f1-b4a0d8515d57	2c68f901-9521-4a66-8401-984a73dcc625	Chaya	Hartmann	Ricky6@yahoo.com	991-450-6749 x846	{"street":"8592 Maple Drive","city":"Lake Winstontown","state":"Alaska","zipCode":"90821"}	55	M	Cloud Engineering
7a0743ca-7c59-4350-86dd-4fc9030a2161	2c68f901-9521-4a66-8401-984a73dcc625	Rosalee	Anderson	Cooper.Corkery46@hotmail.com	328.715.8863 x181	{"street":"65333 Rippin Springs","city":"Gleasonport","state":"Montana","zipCode":"65200-0801"}	36	M	Cloud Engineering
531b2ecf-7e3a-4f70-a073-625370aec5b0	2c68f901-9521-4a66-8401-984a73dcc625	Lilyan	Fritsch	Jeanne.Boyle@yahoo.com	519-607-8550 x459	{"street":"1512 Larkin Corner","city":"Abigailhaven","state":"Washington","zipCode":"05806"}	54	F	Cloud Engineering
455b2555-15a0-413d-b3f5-ffe58f0a6f93	2c68f901-9521-4a66-8401-984a73dcc625	Orpha	Harris	Kristofer59@yahoo.com	479.447.1294 x684	{"street":"275 Jakubowski Plaza","city":"North Mateo","state":"Nevada","zipCode":"35252-1268"}	60	F	Cloud Engineering
defdfc3e-2062-42cb-918d-da4587e28c27	27022330-8d70-457e-81b2-2351c42970d5	Shania	Mertz	Genoveva_Trantow90@gmail.com	247-784-8074 x081	{"street":"34958 Kutch Motorway","city":"Port Winnifredcester","state":"Alaska","zipCode":"26738"}	58	F	Software Development
4e7815f7-97ca-4efb-a88a-7b27ee8bf738	27022330-8d70-457e-81b2-2351c42970d5	Nathanael	Shields	Santino24@gmail.com	777-441-1731 x2258	{"street":"9329 Fairfield Road","city":"Oshkosh","state":"Wisconsin","zipCode":"59798-6550"}	33	M	Software Development
e5086c2b-ddda-4755-859f-31ee7f7c1ddf	27022330-8d70-457e-81b2-2351c42970d5	Jazlyn	Gerlach	Jessyca38@hotmail.com	795.343.7975 x63780	{"street":"943 Weber Crescent","city":"Asheville","state":"New York","zipCode":"59974"}	69	F	Software Development
b1716f1e-7efb-4eb4-a033-d6e1303fbedd	27022330-8d70-457e-81b2-2351c42970d5	Zander	Spencer	Winona.Medhurst@gmail.com	1-251-363-0208 x2262	{"street":"590 Richmond Valley","city":"West Marley","state":"Michigan","zipCode":"70073-8859"}	36	M	Software Development
2e1f2a81-45bd-4c17-b07f-e0c47ba267c4	27022330-8d70-457e-81b2-2351c42970d5	Tracey	Thiel	Otto67@hotmail.com	(708) 424-7966 x4992	{"street":"1110 Demarco Manors","city":"New Lonniecester","state":"Iowa","zipCode":"46614-1160"}	66	F	Software Development
ab6d570a-fe6e-430e-ba17-c453acce578f	27022330-8d70-457e-81b2-2351c42970d5	Johnny	Denesik	Ethyl.Shields@yahoo.com	804.847.4087 x812	{"street":"77132 Jade Gardens","city":"Victoria","state":"Kentucky","zipCode":"11342"}	70	F	Software Development
41c27eb4-2383-4e87-8831-495992554535	27022330-8d70-457e-81b2-2351c42970d5	Ophelia	Reilly	Tremaine_Hahn@hotmail.com	729-992-5987 x80569	{"street":"4390 Bartoletti Grove","city":"Port Maymouth","state":"Georgia","zipCode":"06486-7819"}	60	F	Software Development
5be1a883-61ac-4421-90a0-6658082601d9	27022330-8d70-457e-81b2-2351c42970d5	Ken	Wuckert-Buckridge	Rosamond_Rosenbaum56@yahoo.com	535-979-1765 x18005	{"street":"809 Christ Terrace","city":"Lake Shirleyside","state":"Rhode Island","zipCode":"28115"}	64	M	Software Development
b7ee04e9-f7c3-4cec-b73b-c6a0b03e6b32	27022330-8d70-457e-81b2-2351c42970d5	Ansel	Larkin	Carlotta.OHara@yahoo.com	762.445.5364 x0253	{"street":"7576 Russel Gardens","city":"Fort Alyce","state":"South Dakota","zipCode":"74485-3725"}	71	F	Software Development
511f873d-e305-477a-9bc8-0a60e6a033d4	27022330-8d70-457e-81b2-2351c42970d5	Isidro	Farrell	Addison70@gmail.com	1-410-386-8618 x13678	{"street":"200 S Market Street","city":"Deionworth","state":"Nebraska","zipCode":"33589"}	37	M	Software Development
4dda67be-b90b-4b70-abf9-c4f8c9bc9f93	27022330-8d70-457e-81b2-2351c42970d5	Kailee	Schmeler	Vada_Kuphal91@yahoo.com	1-440-537-5912 x963	{"street":"313 Second Avenue","city":"Longview","state":"Nevada","zipCode":"03264"}	46	F	Software Development
db3bcaf0-9d4b-4b2e-9877-154ddc563fc9	27022330-8d70-457e-81b2-2351c42970d5	Laron	Murphy	Marcella_Corwin17@hotmail.com	(961) 328-0749 x057	{"street":"5479 Bechtelar Wall","city":"Janieborough","state":"Wisconsin","zipCode":"65124"}	48	F	Software Development
eb7167a1-8685-49dd-b9b2-c8d0bceb65c0	27022330-8d70-457e-81b2-2351c42970d5	Antwon	White	Yadira44@gmail.com	825.435.4486 x3021	{"street":"2090 Mariam Mews","city":"Nathenfield","state":"Louisiana","zipCode":"32813-6481"}	55	M	Software Development
81462560-fbf5-46a1-ada4-5d8b3d7ff7b9	27022330-8d70-457e-81b2-2351c42970d5	Troy	Flatley	Liam.Schoen88@yahoo.com	427-500-3309 x2219	{"street":"593 Walter Mountains","city":"Frisco","state":"South Dakota","zipCode":"04666-4260"}	68	F	Software Development
b0f3e1cc-35b4-4645-ab31-5fa8551c134c	27022330-8d70-457e-81b2-2351c42970d5	Caesar	Feeney	Manuela.Rempel73@hotmail.com	814.570.9451 x12888	{"street":"24642 Wiegand Corners","city":"Lake Sasha","state":"Louisiana","zipCode":"62616"}	30	F	Software Development
e9e4463f-8b2c-42b6-83d0-5aefb9af0d97	27022330-8d70-457e-81b2-2351c42970d5	Mavis	Sawayn	Leslie38@yahoo.com	(991) 304-6690 x636	{"street":"152 London Route","city":"North Rubie","state":"Pennsylvania","zipCode":"43960-3843"}	52	M	Software Development
784a76c3-2556-40f1-8438-732b88c41ea9	27022330-8d70-457e-81b2-2351c42970d5	Wilhelm	Lockman	Isaiah.Veum@yahoo.com	263-360-3629	{"street":"87084 Lolita Brooks","city":"Kaciestad","state":"North Dakota","zipCode":"20006-0570"}	38	F	Software Development
63de9ded-0ef9-4da5-aca8-33cd866fa42f	27022330-8d70-457e-81b2-2351c42970d5	Merlin	Reilly	Marta_Mayer@gmail.com	373-615-9065	{"street":"376 Abbey Lights","city":"Carsonbury","state":"Rhode Island","zipCode":"65820-1083"}	69	M	Software Development
ba9db64a-65c8-4b02-a1b3-f3afcaf19ae4	27022330-8d70-457e-81b2-2351c42970d5	Maiya	Goyette	Jakob.Satterfield@gmail.com	345.579.7582 x77451	{"street":"856 Chapel Close","city":"Chetbury","state":"Alaska","zipCode":"21030"}	55	F	Software Development
5a72d871-c942-4875-8c5e-4bd4c397d772	27022330-8d70-457e-81b2-2351c42970d5	Jeremy	Collier	Beau.Schiller30@hotmail.com	521-910-1823 x74878	{"street":"5024 Woodside","city":"Conroyberg","state":"Maine","zipCode":"67577-0549"}	55	F	Software Development
b949da4a-9451-42f3-873e-ceddc31d322f	f354000f-1a77-4a8f-89d3-48bc13d368a0	Alanis	Hauck	Alvah_Boyer63@hotmail.com	1-675-258-2128 x261	{"street":"4078 Bahringer Villages","city":"Crooksport","state":"Florida","zipCode":"70435"}	66	F	Data Analysis
5878e46b-688f-449a-ab0f-6ae2cb41878a	f354000f-1a77-4a8f-89d3-48bc13d368a0	Deshawn	McDermott	Alvena10@gmail.com	(848) 385-3081 x13191	{"street":"40568 Jackson Avenue","city":"Melbourne","state":"Washington","zipCode":"99070"}	46	F	Data Analysis
e3da4741-a41d-456e-ad34-bcd9e8d48696	f354000f-1a77-4a8f-89d3-48bc13d368a0	Henriette	Hackett	Alexander.Spencer45@yahoo.com	1-699-270-1568 x74726	{"street":"61022 Deondre Ferry","city":"Harveyfield","state":"Pennsylvania","zipCode":"69073-5475"}	25	M	Data Analysis
ec9665df-f77a-4ee8-9989-8222cefce8f9	f354000f-1a77-4a8f-89d3-48bc13d368a0	Kianna	Wiegand	Luis9@yahoo.com	1-918-612-3798 x652	{"street":"2041 Roman Road","city":"South Quincychester","state":"New York","zipCode":"56874-6120"}	29	F	Data Analysis
d3cd21e5-97fa-48c6-9c69-1787679aec19	f354000f-1a77-4a8f-89d3-48bc13d368a0	Sydni	Durgan	Mose.Sporer11@hotmail.com	648-382-0106	{"street":"328 Orn Forest","city":"San Diego","state":"California","zipCode":"08069-1036"}	50	F	Data Analysis
5ae0ecd9-59bb-42e7-be09-363bdd553c57	f354000f-1a77-4a8f-89d3-48bc13d368a0	Issac	Heaney	Xzavier10@gmail.com	(299) 899-9421	{"street":"9302 N Main","city":"South Kattiefort","state":"Colorado","zipCode":"24797"}	55	F	Data Analysis
96b37943-18ff-42d7-a5c0-d552b5f1fb02	f354000f-1a77-4a8f-89d3-48bc13d368a0	Shayne	Bernhard	Kobe.Veum46@gmail.com	589-942-9766 x288	{"street":"6620 Kurt View","city":"Moorechester","state":"Maryland","zipCode":"63941-9257"}	49	F	Data Analysis
80081639-2151-4656-991e-be7a1de96689	f354000f-1a77-4a8f-89d3-48bc13d368a0	Abigale	Jaskolski	Bette86@gmail.com	382.406.7019	{"street":"35023 Seth Views","city":"Hamillborough","state":"New York","zipCode":"84572-5300"}	54	F	Data Analysis
778360ce-734a-4645-a8f1-7ebc55ef5a04	f354000f-1a77-4a8f-89d3-48bc13d368a0	Cortney	Glover	Mike_Larkin@yahoo.com	567.600.7954 x0919	{"street":"56365 Allene Fork","city":"North Milostad","state":"Washington","zipCode":"49112"}	68	F	Data Analysis
f6f85acc-757e-4513-a2bb-afcc0c8ec60c	f354000f-1a77-4a8f-89d3-48bc13d368a0	Muriel	Leffler	Enoch.Friesen@gmail.com	523-945-1533 x158	{"street":"64267 Emile Wall","city":"Yuba City","state":"Indiana","zipCode":"44786"}	68	F	Data Analysis
bd9244ac-026a-49a1-9323-58f8524be572	f354000f-1a77-4a8f-89d3-48bc13d368a0	Ruthe	Brown	Karli.Christiansen@hotmail.com	1-523-686-5404 x3726	{"street":"31225 Hansen Court","city":"Bertside","state":"South Dakota","zipCode":"19531"}	58	F	Data Analysis
4c5ebbd7-4abb-4b07-9e7e-ffb9ac3a5380	f354000f-1a77-4a8f-89d3-48bc13d368a0	Libby	Hudson	Emory.Strosin6@hotmail.com	1-401-427-2318 x7053	{"street":"613 Spruce Street","city":"Reillyland","state":"Virginia","zipCode":"41003"}	65	M	Data Analysis
440a2143-b939-4710-a82a-407994ec02b5	f354000f-1a77-4a8f-89d3-48bc13d368a0	Jonatan	Beahan	Doyle.Treutel@hotmail.com	1-852-334-8999 x43329	{"street":"8015 Brown Expressway","city":"Mosciskishire","state":"Oregon","zipCode":"62168"}	60	M	Data Analysis
a7776d98-92ed-4fbe-8008-9038a2bc54dc	f354000f-1a77-4a8f-89d3-48bc13d368a0	Brandyn	Quitzon	Lizeth13@yahoo.com	1-618-578-3563	{"street":"98757 Champlin Street","city":"Germantown","state":"California","zipCode":"03343"}	62	F	Data Analysis
29d4465e-1efd-48f5-b9c8-62754782cb6f	f354000f-1a77-4a8f-89d3-48bc13d368a0	Holly	Casper	Jairo_Shanahan@yahoo.com	(621) 308-7378 x204	{"street":"896 Norfolk Road","city":"Winston-Salem","state":"Oregon","zipCode":"64419-2607"}	63	F	Data Analysis
3fd50b8d-5f0c-401f-8f05-762e13102e37	f354000f-1a77-4a8f-89d3-48bc13d368a0	Tamia	Olson	Johnnie30@gmail.com	869-360-4562	{"street":"100 Honeysuckle Close","city":"Glenview","state":"Alabama","zipCode":"62765-6036"}	68	F	Data Analysis
43e873c9-efa3-4e39-b229-670b03b028b1	f354000f-1a77-4a8f-89d3-48bc13d368a0	Tavares	Rath-Kulas	Sonia_Ryan82@hotmail.com	670-851-9278	{"street":"425 Albert Cliffs","city":"Rosenbaumstead","state":"New Jersey","zipCode":"20831"}	60	F	Data Analysis
70e3cae0-8581-4058-8d9d-95ae00a3374f	f354000f-1a77-4a8f-89d3-48bc13d368a0	Enos	Stoltenberg	Alessandro17@gmail.com	929.717.0034 x0652	{"street":"12416 Greenville Road","city":"North Blanca","state":"Montana","zipCode":"30904-4654"}	45	M	Data Analysis
9d71da8b-c986-4ba4-b6a8-7ae0eeacd4f9	f354000f-1a77-4a8f-89d3-48bc13d368a0	Gunner	Jakubowski	Dina43@yahoo.com	1-686-564-8190 x233	{"street":"32308 Olson Court","city":"Harrisburg","state":"Rhode Island","zipCode":"83486-3993"}	56	F	Data Analysis
f4a86a44-00f8-4a0d-b44e-707be237522e	f354000f-1a77-4a8f-89d3-48bc13d368a0	Rowena	Conroy	Bobbie.Heller@gmail.com	1-973-518-5609	{"street":"28628 South Street","city":"New Leonieshire","state":"North Dakota","zipCode":"06775"}	43	F	Data Analysis
1a76a06c-a2d6-4d45-a659-f5a8e41626b6	5e64b4f3-9406-4f3a-92bc-d73f924b41a6	Dan	Baumbach	Joanne48@yahoo.com	375.243.3612 x87477	{"street":"944 Legros Street","city":"East Jerodboro","state":"Missouri","zipCode":"14107-8893"}	46	M	Machine Learning
0f7e6ff4-5a4f-4a4b-b057-5a56178e6749	5e64b4f3-9406-4f3a-92bc-d73f924b41a6	Savannah	Goyette	Nils57@hotmail.com	(676) 772-9841 x05387	{"street":"298 Ophelia Canyon","city":"Stromanburgh","state":"Vermont","zipCode":"86541"}	39	F	Machine Learning
817b3197-10ca-47b5-a436-74e759553bf8	5e64b4f3-9406-4f3a-92bc-d73f924b41a6	Reece	Osinski	Jeramy_Morissette@yahoo.com	935-539-1339 x34755	{"street":"509 O'Kon Mission","city":"Lynchburg","state":"Washington","zipCode":"61180-9160"}	25	F	Machine Learning
e3fd0b07-fe00-466c-8cc5-2373e2c8aaf0	5e64b4f3-9406-4f3a-92bc-d73f924b41a6	Kamille	Runte	Corene75@gmail.com	1-905-624-2801 x4250	{"street":"404 Caden Springs","city":"Fort Wilfred","state":"Maine","zipCode":"31485-1051"}	31	F	Machine Learning
c36fcec1-af06-489e-ba83-3afedad4350d	5e64b4f3-9406-4f3a-92bc-d73f924b41a6	Aida	Towne	Murphy16@gmail.com	(966) 579-7219	{"street":"8058 Elton Freeway","city":"Thompsonberg","state":"Kentucky","zipCode":"46683"}	42	F	Machine Learning
757273b7-9185-42a0-9147-0ff7b85d4bdf	5e64b4f3-9406-4f3a-92bc-d73f924b41a6	Karlie	Blick	Lavina16@hotmail.com	970.794.8504 x2232	{"street":"10555 Salma Forge","city":"South Graciela","state":"Wyoming","zipCode":"83415-6107"}	51	F	Machine Learning
79f592c1-6272-4619-8b8e-7c8fa2351e78	5e64b4f3-9406-4f3a-92bc-d73f924b41a6	Enid	Barrows	Francisca.Kertzmann@yahoo.com	556.701.5151 x7256	{"street":"4357 Julia Ridges","city":"Melbourne","state":"Utah","zipCode":"11271"}	65	M	Machine Learning
db2115b8-1cf6-47a6-a191-6575b38ed590	5e64b4f3-9406-4f3a-92bc-d73f924b41a6	Elvis	Wolff	Harley79@gmail.com	247.428.8471	{"street":"97416 Lavinia Pass","city":"Port Tillman","state":"Nevada","zipCode":"05327"}	67	F	Machine Learning
d3a31a7e-e5ac-4466-9669-1be56d3fc7e5	5e64b4f3-9406-4f3a-92bc-d73f924b41a6	Assunta	Connelly	Izaiah6@yahoo.com	1-296-394-6203 x356	{"street":"975 Shad Knoll","city":"North Eleonore","state":"Maine","zipCode":"01432-1617"}	47	F	Machine Learning
8f3ad42f-0c76-488a-b667-80515a4e091b	5e64b4f3-9406-4f3a-92bc-d73f924b41a6	Cristal	Bartoletti	Velma.Mertz@gmail.com	951-555-6702	{"street":"5443 Cronin Pine","city":"New Clovis","state":"Kansas","zipCode":"82620"}	35	M	Machine Learning
89737ec3-2afa-40d9-984f-eba96c91b2e4	5e64b4f3-9406-4f3a-92bc-d73f924b41a6	Carissa	Pouros	Elmer.Littel12@gmail.com	633.906.7376 x834	{"street":"5386 Reynolds Mills","city":"Port Jermeyburgh","state":"Kansas","zipCode":"04217"}	42	M	Machine Learning
74df9940-717f-4a2e-b3ab-9190576e7873	5e64b4f3-9406-4f3a-92bc-d73f924b41a6	Terrance	Swift	Timothy_Christiansen-Witting49@hotmail.com	208-433-9896 x810	{"street":"996 Prosacco Views","city":"Boyleview","state":"Idaho","zipCode":"94297-6608"}	68	M	Machine Learning
a4a270ad-a5ed-41fc-be60-d26cef9f183c	5e64b4f3-9406-4f3a-92bc-d73f924b41a6	Katrina	Lesch	Keegan20@hotmail.com	266-737-8214 x627	{"street":"877 W Walnut Street","city":"West Rebekah","state":"Nevada","zipCode":"84967"}	38	M	Machine Learning
807cb0f0-b970-40de-9431-4d081f81b91d	5e64b4f3-9406-4f3a-92bc-d73f924b41a6	Keven	Rempel	Kelsi.Will50@yahoo.com	(864) 685-3073 x836	{"street":"71401 Annetta Trace","city":"South Bette","state":"Arizona","zipCode":"30141-9648"}	61	F	Machine Learning
dd23f5eb-d0ae-45cc-99e2-dfbbb4c3b230	5e64b4f3-9406-4f3a-92bc-d73f924b41a6	Esmeralda	Swaniawski	Liana55@yahoo.com	(807) 956-9397	{"street":"17932 Cherry Tree Close","city":"Sethmouth","state":"Indiana","zipCode":"70625-8402"}	55	F	Machine Learning
bb09b94a-ba3e-43b9-bee0-c579af995356	5e64b4f3-9406-4f3a-92bc-d73f924b41a6	Cicero	McClure	Hannah22@gmail.com	478-821-3484	{"street":"8268 Buckridge Club","city":"Pine Bluff","state":"California","zipCode":"31825"}	38	F	Machine Learning
215d6fb1-60bb-43b4-ad97-7a6163142dd4	5e64b4f3-9406-4f3a-92bc-d73f924b41a6	Minnie	Hamill-Wunsch	Zachary.Cummerata31@hotmail.com	268.451.9241	{"street":"381 E Oak Street","city":"Farmington","state":"West Virginia","zipCode":"88053-4752"}	59	F	Machine Learning
4f279f7a-4788-4612-babd-36baf512369c	5e64b4f3-9406-4f3a-92bc-d73f924b41a6	Margarette	Lindgren	Amara29@yahoo.com	984.363.8725 x17328	{"street":"20990 West Lane","city":"West Hartford","state":"Alabama","zipCode":"97490"}	50	M	Machine Learning
c57176e3-193d-409f-9de7-010e445f752c	5e64b4f3-9406-4f3a-92bc-d73f924b41a6	Elfrieda	Bode	Rowan_Okuneva@hotmail.com	1-620-659-8278 x21622	{"street":"118 Cormier Shoals","city":"Eliworth","state":"Maine","zipCode":"21886"}	29	F	Machine Learning
fc6e12aa-a556-4f7b-b1b3-0f21dcb0d752	5e64b4f3-9406-4f3a-92bc-d73f924b41a6	Gordon	Roob	Elna_Gerhold-Boehm18@gmail.com	866-610-3868 x7282	{"street":"42740 Jackson Street","city":"East Omari","state":"Wyoming","zipCode":"21586-6635"}	57	F	Machine Learning
4474ac45-fb5b-4ab4-84d7-3ab5261d52f9	a3ebd2b4-63e7-4de8-83f7-622c59de4386	Cindy	Bernier	Katherine_Cormier@gmail.com	918-836-1091	{"street":"5032 Pfannerstill Centers","city":"Gleichnerworth","state":"Alaska","zipCode":"12190-6471"}	58	M	Project Management
4d228726-10f1-4341-8c88-acf48d431368	a3ebd2b4-63e7-4de8-83f7-622c59de4386	Shanna	Bednar	Ian93@yahoo.com	1-534-830-8581 x5953	{"street":"6459 Nicolas Shore","city":"North Stone","state":"Delaware","zipCode":"23139-5277"}	46	F	Project Management
8a231e4f-7c7b-4596-b6c2-140919c6fd62	a3ebd2b4-63e7-4de8-83f7-622c59de4386	Terry	Bauch	Beryl.OConnell8@gmail.com	903-958-6440	{"street":"882 Chelsey Light","city":"Lefflerhaven","state":"Florida","zipCode":"12035-3234"}	54	M	Project Management
839095bf-d210-4386-ad44-5928e8adfca1	a3ebd2b4-63e7-4de8-83f7-622c59de4386	Cynthia	Walker	Vena_Prohaska70@gmail.com	1-701-661-1445	{"street":"235 Hudson Ways","city":"Port Casey","state":"Louisiana","zipCode":"78538"}	69	F	Project Management
38377ec7-1720-406b-ab82-33469febadde	a3ebd2b4-63e7-4de8-83f7-622c59de4386	Shanna	Lemke	Dwight_Gutkowski@hotmail.com	1-736-276-2723 x2601	{"street":"6342 S Division Street","city":"Lake Orin","state":"North Dakota","zipCode":"23006"}	38	M	Project Management
43d172fa-8c3e-4352-9607-d1fc3a58c219	a3ebd2b4-63e7-4de8-83f7-622c59de4386	Nichole	Wintheiser	Adela86@yahoo.com	1-849-322-5209 x6777	{"street":"44020 Waverley Road","city":"Vernland","state":"South Dakota","zipCode":"60621-8963"}	50	M	Project Management
22762c98-c807-4df8-8ae2-ac6d42a46e07	a3ebd2b4-63e7-4de8-83f7-622c59de4386	Alexandre	Boyle	Bobby.Kassulke@gmail.com	1-273-778-2253 x053	{"street":"12325 Henry Creek","city":"Lake Savannah","state":"Idaho","zipCode":"97456-8392"}	44	M	Project Management
cadb3d6f-74a6-4523-aa5c-7c4cb74e8320	a3ebd2b4-63e7-4de8-83f7-622c59de4386	Earl	Carroll	Demario13@gmail.com	466-632-0145 x76767	{"street":"84411 Lincoln Highway","city":"Carterfurt","state":"North Dakota","zipCode":"38276"}	39	F	Project Management
aadf619c-494d-4ab8-b8b7-a944f7c7b89b	a3ebd2b4-63e7-4de8-83f7-622c59de4386	Eleanore	Schuster	Allan.Volkman87@gmail.com	(805) 450-5896	{"street":"768 Lebsack Circles","city":"Wymanboro","state":"Wyoming","zipCode":"42465"}	53	F	Project Management
0255602a-d401-4d28-81e1-1f1072abb38b	a3ebd2b4-63e7-4de8-83f7-622c59de4386	Iliana	Denesik	Gerda97@yahoo.com	562-948-0843 x9574	{"street":"308 Princess Pass","city":"Queenboro","state":"Nevada","zipCode":"49503"}	56	F	Project Management
801c4b0f-ed98-4dad-9e7c-a18caecc56ec	a3ebd2b4-63e7-4de8-83f7-622c59de4386	Arturo	Robel	Nigel85@yahoo.com	963.305.1314 x974	{"street":"597 Hawthorn Close","city":"Williamchester","state":"Rhode Island","zipCode":"51392"}	37	F	Project Management
9904fecb-9dce-40fa-91aa-b552a1f5ae12	a3ebd2b4-63e7-4de8-83f7-622c59de4386	Brittany	Jenkins	Alexie5@hotmail.com	387.573.2541 x03288	{"street":"294 Katrina Stream","city":"East Talonbury","state":"New Hampshire","zipCode":"03309-1969"}	68	F	Project Management
4fb35295-8987-4edc-9c16-e8fa839f68e8	a3ebd2b4-63e7-4de8-83f7-622c59de4386	Ludie	Stroman	Madge.Metz49@gmail.com	1-844-913-6329	{"street":"60440 Frances Turnpike","city":"Lewisborough","state":"Washington","zipCode":"21392"}	60	F	Project Management
47f3990e-4cd5-43d9-9415-e035497b1a59	a3ebd2b4-63e7-4de8-83f7-622c59de4386	Tony	Kozey	Antonina9@hotmail.com	246-397-8528	{"street":"8959 Grimes Fields","city":"Chico","state":"Delaware","zipCode":"38666"}	55	M	Project Management
fbf65f00-059a-4986-87af-d5756bc4eb79	a3ebd2b4-63e7-4de8-83f7-622c59de4386	Karen	Roob	Claudie40@hotmail.com	1-691-789-1192 x37113	{"street":"36784 Leland Well","city":"Kingshire","state":"New York","zipCode":"50037"}	75	M	Project Management
d2df0457-42e8-4ec4-9d40-069d7dc78fb7	a3ebd2b4-63e7-4de8-83f7-622c59de4386	Brown	Krajcik	Alivia_Weber27@yahoo.com	264.236.0932 x17526	{"street":"640 Ilene Alley","city":"VonRuedenworth","state":"North Dakota","zipCode":"59849"}	64	F	Project Management
a0c181bb-ed3d-473b-842c-1cb9100680e2	a3ebd2b4-63e7-4de8-83f7-622c59de4386	Glenda	Jacobson	Deven.Wilderman1@yahoo.com	820.978.9021 x07878	{"street":"30888 Tara Neck","city":"Lennyboro","state":"Virginia","zipCode":"37514"}	60	M	Project Management
675e1637-cd8c-46a4-9a36-eff437f8949a	a3ebd2b4-63e7-4de8-83f7-622c59de4386	Keeley	Senger	Abelardo.Towne68@yahoo.com	285-253-4815	{"street":"7477 Lindgren Union","city":"Mountain View","state":"Illinois","zipCode":"83996-3336"}	46	M	Project Management
e5766711-e2a2-4822-98f5-4f5e50ff7a6d	a3ebd2b4-63e7-4de8-83f7-622c59de4386	Frieda	Trantow	Shea_Medhurst63@hotmail.com	(928) 624-6481 x747	{"street":"754 Sandringham Road","city":"Novellaview","state":"North Carolina","zipCode":"05778-6385"}	63	F	Project Management
1427f7e6-5ca2-4aae-9b04-9adf40c93f52	a3ebd2b4-63e7-4de8-83f7-622c59de4386	Ansel	Hane	Cecelia.Klein@hotmail.com	1-765-904-9109	{"street":"427 Church Close","city":"Lednerton","state":"Georgia","zipCode":"32220"}	71	M	Project Management
c6e4ac31-ce97-4812-ae68-f8b58de2b4bc	c48dc5a8-ed7a-4521-8888-f26d40ec7bb0	Josianne	Ryan	Marquis69@hotmail.com	1-930-517-8324 x2868	{"street":"8495 The Hawthorns","city":"Trujillo Alto","state":"Nebraska","zipCode":"93988-7148"}	62	F	Digital Marketing
67270184-5c01-4404-97a3-7ed26e36cb04	c48dc5a8-ed7a-4521-8888-f26d40ec7bb0	Leilani	Roberts	Marshall33@gmail.com	650-660-1530	{"street":"8109 Kurtis Falls","city":"Ericmouth","state":"Georgia","zipCode":"98421"}	69	M	Digital Marketing
611d47e3-8712-484c-9774-28bf26ff7101	c48dc5a8-ed7a-4521-8888-f26d40ec7bb0	Christopher	Bartell	Keara_McLaughlin69@yahoo.com	913.480.5910	{"street":"33567 Sydnie Lodge","city":"North Hilda","state":"New Mexico","zipCode":"94020"}	49	F	Digital Marketing
7ef6d5c1-388e-40aa-bee6-9a11530bde6f	c48dc5a8-ed7a-4521-8888-f26d40ec7bb0	Zita	Walker	Angus_Mitchell96@hotmail.com	1-608-366-9708 x70496	{"street":"655 Regan Flats","city":"Fletcherbury","state":"North Carolina","zipCode":"98936"}	52	M	Digital Marketing
4b51935e-5f44-4372-9a04-064f87e8ca0b	c48dc5a8-ed7a-4521-8888-f26d40ec7bb0	Pascale	Romaguera	Shane_Doyle62@yahoo.com	262-504-0137	{"street":"167 Reynolds Manor","city":"Port Vicenteton","state":"Hawaii","zipCode":"23769-6331"}	37	F	Digital Marketing
3c47da07-fad7-4c3d-bbfa-329079493e0c	c48dc5a8-ed7a-4521-8888-f26d40ec7bb0	Juanita	Bahringer	Alice_Toy@hotmail.com	329.755.7218	{"street":"595 Garret Squares","city":"North Michaelaberg","state":"Missouri","zipCode":"24716-5459"}	66	F	Digital Marketing
a4c703d1-e0ef-40f5-9ab5-a750f4c4d695	c48dc5a8-ed7a-4521-8888-f26d40ec7bb0	Abdiel	Von	Allison79@yahoo.com	308-223-2967	{"street":"864 Barrows Mountains","city":"Port Viviennefort","state":"Washington","zipCode":"02533-6697"}	26	F	Digital Marketing
c40702a4-cea2-4ea4-972f-5f87d343b588	c48dc5a8-ed7a-4521-8888-f26d40ec7bb0	Scottie	Hudson	Kyra89@yahoo.com	(320) 878-7796	{"street":"72180 Ferne Park","city":"Urbana","state":"Indiana","zipCode":"30719"}	67	F	Digital Marketing
09c59cde-4062-42f1-8463-9b60bc7955b9	c48dc5a8-ed7a-4521-8888-f26d40ec7bb0	Vergie	Runolfsdottir	Raina_McKenzie-Homenick18@hotmail.com	(490) 256-4796 x53984	{"street":"579 Sporer Cove","city":"North Erniefort","state":"North Carolina","zipCode":"24416-1847"}	48	F	Digital Marketing
0f1db8f7-f30c-4bca-b216-871d04fe47f2	c48dc5a8-ed7a-4521-8888-f26d40ec7bb0	Jaylon	Walter	Nakia_Nikolaus@hotmail.com	(357) 276-9898 x1886	{"street":"6880 Mabelle Field","city":"Moorecester","state":"Iowa","zipCode":"27511-1569"}	28	M	Digital Marketing
2127dd8a-4e63-4059-aa29-058920db408c	c48dc5a8-ed7a-4521-8888-f26d40ec7bb0	Violet	Hilll	Adrian.Paucek-Lebsack@hotmail.com	839-873-0366 x9904	{"street":"544 Makenna Islands","city":"Lake Joanfurt","state":"Tennessee","zipCode":"82684-3335"}	26	F	Digital Marketing
51d17bba-b94e-45e2-910f-c0cda758809e	c48dc5a8-ed7a-4521-8888-f26d40ec7bb0	Rashawn	Mayer	Mitchel_Kub92@hotmail.com	733-660-5353	{"street":"464 Bergnaum Meadow","city":"West Gilberttown","state":"Kansas","zipCode":"46604-4118"}	74	F	Digital Marketing
0e3cb1b1-48b3-4243-85dc-3bb7405204a0	c48dc5a8-ed7a-4521-8888-f26d40ec7bb0	Ila	Kunde	Anjali.Cruickshank@gmail.com	(277) 274-0135 x88470	{"street":"1914 Rosenbaum Throughway","city":"Conroycester","state":"Texas","zipCode":"79310-7222"}	61	F	Digital Marketing
953b5765-050d-454f-9432-1f5e4c247534	c48dc5a8-ed7a-4521-8888-f26d40ec7bb0	Aric	Tromp	Noemi67@gmail.com	873-764-7748	{"street":"26932 St Andrews Close","city":"Lloydworth","state":"Minnesota","zipCode":"43617-0243"}	33	F	Digital Marketing
6eaf42ac-ba94-4279-8ccb-2309f1c7f665	c48dc5a8-ed7a-4521-8888-f26d40ec7bb0	Tamia	Krajcik	Kariane61@gmail.com	377-454-8985 x220	{"street":"5794 Zieme Manors","city":"Cyrusworth","state":"Florida","zipCode":"53573-1018"}	56	F	Digital Marketing
62a41196-29da-4199-980b-3448fcb9eeff	c48dc5a8-ed7a-4521-8888-f26d40ec7bb0	Ansel	Breitenberg-Schmeler	Johathan69@hotmail.com	(477) 229-1833 x390	{"street":"48966 Ashly Radial","city":"Waelchichester","state":"Massachusetts","zipCode":"56706-8969"}	31	M	Digital Marketing
20562d6e-dc81-4734-8fc4-c14f0f5e4855	c48dc5a8-ed7a-4521-8888-f26d40ec7bb0	Rudy	Zemlak	Kale.Schaefer-Jaskolski22@hotmail.com	1-810-289-3088 x737	{"street":"7079 Pacocha Point","city":"Lake Joanachester","state":"Colorado","zipCode":"80722"}	32	F	Digital Marketing
127b5aa7-a68f-491e-8103-b05af274dea8	c48dc5a8-ed7a-4521-8888-f26d40ec7bb0	Carlee	Franey	Jaylan_Senger6@yahoo.com	1-862-843-0236 x46450	{"street":"5800 Alejandrin Field","city":"Cypress","state":"New Jersey","zipCode":"53702-2123"}	28	F	Digital Marketing
564f90d1-6cce-4ef8-b4c8-34565fa89e3e	c48dc5a8-ed7a-4521-8888-f26d40ec7bb0	Amani	Hilll	Marcia31@hotmail.com	536.774.9309 x4550	{"street":"74291 Benny Valleys","city":"Lake Chadrick","state":"Virginia","zipCode":"38369"}	35	F	Digital Marketing
a65ffb06-debd-4994-ac83-2b68e8bbbf34	c48dc5a8-ed7a-4521-8888-f26d40ec7bb0	Hank	Effertz	Derick31@gmail.com	326.452.5202 x09789	{"street":"24324 Maxine Summit","city":"Millerberg","state":"Georgia","zipCode":"71242-4918"}	52	F	Digital Marketing