id	firstName	lastName	birthDate	birthPlace	motherName	gender	postalCode	email	phone	membership	joinedAt
321330e1-b5e0-44ee-9022-3ea73837db11	Jettie	Welch	1933-11-23	South Bret	Felix Huels	F	05333	felicity21@gmail.com	9069331838	normal	2025-01-21
63dc0152-70b0-44b6-b7a3-71861bf6b098	Aubree	Haley	1956-03-01	North Zoie	Joey Marquardt	M	77258	desmond.gerhold@yahoo.com	6902188329	normal	2022-12-12
c45b69e1-6e67-4e44-ab25-b6646d558bfd	Myrtie	Bode	1947-09-21	Vancechester	Ida Willms		57749	myrtis_muller84@gmail.com	5777211001	normal	2023-11-23
0ac15700-dd34-4370-bd9f-4184f47fc799	Dayne	Hane	1937-07-04	Keeblershire	Dale Emmerich	M	52871	dorian22@hotmail.com	18019869600	vip	2023-02-26
a1031c61-7a74-4d71-a84d-77277701e658	Mckenzie	Mante	2000-12-30	Funkchester	Katherine Franecki	M	64346	clinton_baumbach32@gmail.com	8333030111	vip	2024-05-22
44a6cb39-b907-4d89-8031-7ff4efddfcb9	Bartholome	Hermiston	1949-01-25	Rashawnbury	Lawrence Dickens	M	26703	milan_murazik61@hotmail.com	13006292024	normal	2022-04-28
c342c951-4258-4381-bac6-a6b91a52a934	Kayla	Christiansen	1947-05-27	Lindberg	Claude Hackett	F	33271	evangeline.hilll@gmail.com	9065806535	gold	2022-03-23
d8a382fc-3081-4095-aab1-a5baf0bd46ed	Aubree	McCullough	1956-12-01	Evanston	Dave Hartmann	M	97375	rebeka_mohr84@hotmail.com	9982697847	normal	2022-11-13
60031e51-d20d-4c7b-b4cf-ca608980da19	Evangeline	Sawayn	1936-02-27	Pollichport	Preston Gerlach	M	45218	schuyler.borer@yahoo.com	448	normal	2024-08-07
79bac66f-c383-4462-a250-67d831f3b695	Owen	Koss	1983-10-12	Lake Jeffry	Frankie Kessler	F	57692	terrence_gibson-lind44@gmail.com	4777504344	normal	2022-10-20
af1ddfd8-5ceb-46fd-96a0-fead1d56f943	Garfield	Bechtelar	1992-08-19	West Dino	Willie Nitzsche		13199	rafael.lindgren@yahoo.com	9412010866	normal	2021-08-29
b3945357-dec0-40f0-9949-7f65c4386518	Sarai	Bogan	1964-05-14	Lake Lillyhaven	Ramona Nicolas	M	53858	danyka_kshlerin44@yahoo.com	3299204281	normal	2021-02-08
85f9ba3d-39f6-46df-b961-7a538ede7b12	Millie	Robel	1939-11-21	Henderson	Tami Wintheiser	F	82214	johnson93@hotmail.com	600	normal	2021-11-01
ebbce825-e285-4f2d-9760-535d78ced1c7	Dante	Skiles-Ernser	1930-05-01	Schultzfort	Stella Ryan	M	92302	alec90@yahoo.com	3223435140	gold	2024-05-09
91951079-cd1b-46e5-81f6-2b47cd429842	Gardner	Heaney	1983-06-10	New Bettie	Anthony Kuvalis	M	80102	raoul_gerlach@hotmail.com	5979449025	normal	2022-05-06
c5c94631-b4ff-404f-8193-16420accd5d5	Euna	Pfannerstill	2001-09-13	East Caylahaven	Marcia Hagenes		93846	ralph.hahn@gmail.com	665	normal	2023-03-27
09b63eec-30be-4fda-8734-6cc0aae52255	Edna	Koss	1991-01-31	Stiedemannport	Kate Brakus	F	68700	sedrick.waelchi@hotmail.com	4525812326	gold	2021-04-14
6dc8f58d-5899-4c8d-9550-7c9706e76c6f	Katelyn	Johnston	1926-10-27	Ryleeside	Joann Conn	F	18351	carmela.senger61@gmail.com	2005206268	normal	2022-11-25
13b9ed02-cd16-438d-8b15-65a66b77428e	Jaylon	Green-Douglas	1982-11-16	East Otiliaburgh	Brent Gleichner	F	67426	luis.lang58@hotmail.com	411	normal	2024-09-10
8c655f76-fd59-4f62-97ad-209381d68e62	Brad	Buckridge	1985-01-28	Port Petraborough	Rita Hickle	M	20646	freeda.schamberger@yahoo.com	17115078377	gold	2023-12-19
2977f79d-9ff7-4ddd-9793-ce771010b29d	Mia	Prosacco	1947-07-31	Miami	Rosemary Hermiston	M	21840	kellen.stamm@yahoo.com	14498020005	normal	2024-01-11
c5673db4-f919-4bbc-b18c-68a1e466c2a1	Christopher	Braun	1960-12-22	Jasperview	Norman Flatley DVM		16337	valerie78@hotmail.com	4109372592	gold	2020-10-29
7617e896-fb75-42ac-8906-8018dff85611	Eveline	Daniel	1970-01-23	Koelpinview	Donald Flatley		36867	cassie74@hotmail.com	3055925121	vip	2024-07-08
2fab1f51-6c4e-4d09-be8e-cd01ae5bf13c	Felicity	Ruecker	1941-07-23	Lake Janelle	Wallace McDermott	M	43753	darron11@yahoo.com	19617941305	normal	2024-01-31
4b90bd6d-2f2a-414f-8638-7903fbe8d3f4	Kaela	Wuckert-Lebsack	1925-12-30	Lake Yasminfield	Linda Ondricka	F	57190	barry.kutch@gmail.com	494	normal	2024-06-27
4ee3e0aa-3b40-4aec-ac81-baafdecb451e	Delores	Mosciski	1953-04-27	West Alfred	Dana Dickens	M	76084	fay11@hotmail.com	12994455460	normal	2022-08-05
32872a09-641c-4505-a4e4-406a988776bc	Gerry	Grant	1962-11-23	Conway	Miss Irma Medhurst		75538	maximus_paucek52@hotmail.com	12662202594	gold	2025-03-23
417bd847-7c83-4021-af57-7695991a660d	Dena	Grady	1965-01-08	North Wilmer	Dale Auer		64511	esmeralda45@gmail.com	840	gold	2024-02-06
daa01093-ae60-4670-be13-fdfb9ceb6b4b	Dax	Rau	1999-04-27	Lake Madilynfield	Devin Senger		47707	cathy_lockman@gmail.com	12417703643	normal	2023-03-04
f6b235b9-5bda-405e-bec4-35c161eff2e6	Marie	Klein	1940-03-26	Treutelfield	Herbert D'Amore	M	42339	kameron.kuvalis15@hotmail.com	4603631290	vip	2021-01-22
361ca748-d333-4de0-9d38-602a364a2c7a	Alison	McGlynn	1984-12-13	Baytown	Floyd Beatty	M	40405	nickolas86@yahoo.com	9797179818	normal	2021-08-23
88ca73df-3bf2-4f42-b9d0-658fd6f88fe7	Jasper	Bogisich	1976-09-25	Port Terranceport	Karla Feest	F	20488	angelina90@gmail.com	5137683172	gold	2023-03-20
628b6193-5a71-4150-b298-56b4a61d8f79	Mattie	McKenzie	1959-07-05	Brentfurt	Yvette Waelchi		18119	kody.frami@gmail.com	7518914463	normal	2023-08-16
04b20f1c-1b98-4842-a645-d6e070aeecda	Thurman	Terry	2003-03-21	Newport News	Frederick Frami	M	41929	scarlett.nitzsche35@hotmail.com	6738331473	normal	2023-09-26
4f3bcbce-2773-4c86-b93e-64663518b946	Jarret	Morissette	1994-04-22	Madelynntown	Carla Bosco	M	46905	bud_crooks36@gmail.com	5033372235	normal	2022-08-27
de71c9d7-b80d-4c7f-8d47-b7a179ca6192	Kaylin	Ratke	1980-07-13	Farmington Hills	Marta Greenholt	F	84411	tressie_sanford76@gmail.com	9374486716	normal	2023-09-15
43fc0655-3467-4fb0-92e1-45c651286931	Chesley	Hartmann	1957-02-10	Port Houston	Anne Welch		70217	titus_miller89@gmail.com	2218614290	normal	2023-01-21
59093dab-f667-4aeb-af0b-346434664ff1	Clemens	Gorczany	2006-12-13	Kozeycester	Irving Wolff		36867	jeffrey.olson@hotmail.com	5004363856	vip	2020-10-29
f0992b60-bca2-4e9e-92e5-d85f3f846b20	Shayna	Larson	1940-07-29	Alfredville	Sharon Muller	M	77097	eden_dickinson@hotmail.com	6412274680	gold	2022-11-26
2384de21-dc85-4995-b0d3-206941065294	Jordan	Oberbrunner	1990-05-18	Lake Antone	Della Gutmann	M	59117	brittany.mitchell26@hotmail.com	9416279693	normal	2024-08-18
fd587917-8ce3-4d9c-a9b7-0daa4c988785	Marlee	Armstrong	2000-07-21	South Joelleshire	Dr. Ernesto Balistreri	F	54690	cedrick4@gmail.com	794	normal	2023-12-23
b42a35e2-b96e-473d-8633-d8ce86d9753f	Jacky	Gibson	1975-12-17	Shieldstown	Mr. Shannon Langosh	F	93949	ansley.schmeler71@yahoo.com	4355499881	normal	2024-06-07
f2e58cd4-d7cc-47c6-9a15-16aa59dccadc	Joy	West	1959-09-04	Ritchieberg	Mr. Jake Roob	F	85840	kaya3@gmail.com	16028890466	normal	2025-04-09
0643a7a1-ae89-436c-95ab-83d69c182bf3	Pansy	Grimes	1931-09-20	Virginia Beach	Caleb Mills		01999	amos64@gmail.com	431	normal	2023-02-25
7bf3e1be-1a87-413f-9b6e-c7f8c2ddcf34	Chaim	Daniel	1959-04-29	Parkerborough	Rodolfo Metz	F	63814	emmie.mcclure95@hotmail.com	3615682475	normal	2023-01-22
4502f0c9-2349-44aa-9cee-0802bf897c66	Lera	Bailey	1947-04-27	New Rochelle	Megan Keebler	M	75965	otho_swaniawski@hotmail.com	4548852932	normal	2021-11-16
8fc1a36b-ec17-4e2b-ab0f-8cf19ff69637	Buster	Corkery	1956-10-02	Pflugerville	Duane Muller	M	22364	jayson65@gmail.com	12944512723	normal	2023-12-27
4b068e23-d8c9-4bd1-8b96-195fbcedded2	Myrtle	Kilback	1932-08-24	North Madelyn	Mrs. Glenda Vandervort	M	10413	princess.stehr92@yahoo.com	4426989944	normal	2020-06-21
6497dd71-888f-45ec-aa1a-22113e907ae9	Roel	Corwin	1927-03-13	Funkstad	Charlotte Rice	M	69369	geovany17@gmail.com	836	gold	2024-01-23
fae087a7-b2af-40a6-898f-234a1212916e	Rogers	Ullrich	1973-11-21	Galveston	Lamar McGlynn	F	04385	shannon53@hotmail.com	2635415359	normal	2020-08-17
6e8a27ab-488d-475a-96ca-46887881b331	Kellen	Ortiz	2004-04-06	West Montanaborough	Bradley Gorczany	M	15754	oma77@yahoo.com	5385610528	normal	2022-09-07
146391d2-4fc9-4824-9c3b-692d8537479c	Linda	Corkery	1955-08-16	North Claud	Marion Mayer	M	61357	maye49@hotmail.com	928	gold	2024-01-10
d5190406-3787-4b95-a3c5-8bfb2b655dc7	Alva	Dietrich	1990-03-04	Jacynthestead	Adam Kohler	M	81750	blanche.abbott@hotmail.com	6936316043	normal	2020-06-05
39de5d7e-4418-4ba9-aa4b-6b817f6e47be	Hailey	Pfannerstill	1946-10-10	Schenectady	Charlotte Lakin	M	28150	cyril.bergstrom74@yahoo.com	19485533141	vip	2021-12-12
4c3c9016-4898-475a-a153-1e4d498092a7	Dominique	Sipes	1933-09-06	Gregorystad	Dr. Steven Feil		17665	kelsie81@hotmail.com	9798531477	normal	2024-03-22
ec831dc8-36ea-43f1-989b-699ba3442b75	Raleigh	Pagac	1955-08-05	Lake Magdalena	Johnnie Breitenberg	M	13965	damion85@hotmail.com	722	normal	2025-03-02
7c983468-9703-4f46-a32b-fe5a3767ddef	Lucious	Huels	1935-06-30	Port Mac	Jonathon Boehm	F	64299	constance_jaskolski7@gmail.com	301	normal	2025-04-28
d02c5310-424d-4db6-940f-65a8a9c4b7fd	Kyla	Koss	1990-11-02	Lake Gunner	Jim Legros		97522	antonio_kassulke65@yahoo.com	7144365792	gold	2024-02-19
05fe534f-ff73-455c-8331-9a8aadba3919	Marley	Hyatt	1998-07-26	Nitzscheville	Lena Padberg II	M	16827	mitchell_haley17@hotmail.com	5265381838	normal	2020-11-28
5211bb9c-5466-458e-ae0f-4cf9e2de2f07	Kendall	Jakubowski	1999-02-17	North Piercetown	Bryant Rau		33951	joyce.kris82@gmail.com	19326709334	normal	2023-03-08
0ea5dd41-7b92-4fc5-861e-524265619903	Daniella	Turcotte	1990-01-11	Port Angelaberg	Jessica Feil	F	96525	verna.conn@gmail.com	14898991997	vip	2024-07-08
d97a4a1b-f02b-4c35-98d3-00b9fcaaf296	Hershel	Block	1943-05-01	Thompsonview	Bradford Hauck	M	94964	esta.franey37@yahoo.com	15204901843	normal	2024-08-25
0747beff-5ab1-41dc-8205-716c4245d0c4	Hallie	Medhurst	1926-10-22	Samaraside	Nelson Ullrich	F	91355	golden56@yahoo.com	766	normal	2022-12-31
72cd16d4-6093-4947-868e-6605fc61ab0b	Isobel	Dooley-Dare	1995-04-27	Port Claudie	Floyd Harvey		09096	michele.lemke7@hotmail.com	209	gold	2024-06-17
aa0faa29-3f88-439b-82e7-5a22db766530	Brandi	Flatley	1958-05-11	West Seneca	Emanuel Kertzmann		25806	emerson_howell-connelly@gmail.com	5246903611	gold	2023-08-18
f0c9d520-16f3-4550-a35d-a066a39ee948	Thomas	Hintz	1925-10-03	Lake Raquel	Dr. Toni Breitenberg DDS	F	85634	ken.bernier@hotmail.com	12972312062	normal	2020-09-24
99c38e22-f93f-4a05-bf14-3971aeb3f060	Anthony	Gorczany	1938-05-26	Libbystead	Phillip Windler-Wyman	F	06433	enos.breitenberg95@gmail.com	5254101877	normal	2021-04-26
f7f93ab1-edae-408f-8502-e51066144457	Rosario	Weissnat	1991-04-03	Fort Humbertofield	Dustin Dicki		65483	dominic_brakus@hotmail.com	520	gold	2024-12-22
a9bac58e-3efa-43d3-a0da-9e00b082d6cc	Anabel	Wuckert	1985-11-21	Fort Pierce	Malcolm Strosin	M	90158	fay.kohler26@hotmail.com	672	normal	2021-03-31
a89bbe6a-61b2-4071-96b0-b1adee0ac768	Delores	Williamson	1994-08-16	Maximilliaboro	Claudia Terry-Fritsch	M	61552	fredy_mueller@hotmail.com	19038778016	gold	2020-12-08
07183772-df2b-4b51-b37a-9328c11cf84e	Abraham	Yost	2003-04-10	Waltham	Lyle Steuber	F	60804	randall_prosacco7@yahoo.com	13758817830	gold	2024-03-02
62a0a4be-2ac2-4139-a441-6c055c72f0fc	Marilyne	Rogahn	1929-04-18	Schillershire	Max Larkin	F	70933	loy72@gmail.com	8443514591	vip	2023-08-31
573c9cea-f667-4bb8-aa2a-76afd1bcfc20	Israel	Stanton-Frami	1982-07-08	Adelbertville	Shaun Heller		16207	jacynthe_goyette@gmail.com	2635017238	gold	2022-03-19
4a53257d-5dbd-4487-879d-1ddc56097c99	Ariane	Dietrich	1938-05-19	Imeldaberg	Mrs. Kellie Connelly	F	39291	eriberto62@hotmail.com	9033332698	normal	2021-04-29
7b4578fc-9ed3-422c-ab74-9f25bf3eda68	Orpha	Mills	2005-09-12	Rennercester	Faith Grady	M	28090	monica_bailey7@hotmail.com	7058767321	vip	2024-01-30
f69ed145-6e1c-40e0-b507-62adff73f5ac	Alycia	Flatley	1953-06-27	Kattieland	Wallace Kling	M	14343	kylee0@gmail.com	7059935433	normal	2024-10-10
a5d0913e-77fa-453e-83f5-64baedb24f7c	Patience	Moen	1973-04-24	North Jaredbury	Alvin Stanton DVM		84959	buford.ritchie83@gmail.com	7139151489	normal	2024-09-15
5a48e745-2f04-4c86-a052-6d272a8dd0ad	Marc	Pagac	1982-06-26	Bryonfurt	Floyd Franey	F	29865	adriana_trantow3@yahoo.com	7446076394	gold	2025-01-27
33b9294d-7262-48b2-a537-26e4195f0b45	Rodrigo	Conroy	1954-11-17	Shaneberg	Gilbert Jaskolski		90433	gregorio55@yahoo.com	17858419219	normal	2021-11-05
d8873532-fc07-4861-8e95-068daed106df	Adrain	Heller	1936-07-19	Fort Wayne	Wilson Becker MD		11417	philip.padberg@yahoo.com	810	gold	2023-06-27
f7cdd38a-6e32-46f4-91f7-857111c76fb6	Ollie	Crist	1975-03-24	Bergstrombury	Sandy Corwin	F	13883	felton.nolan@hotmail.com	9473118824	normal	2020-10-18
d7ae3557-780c-46a0-9aff-36d6aef7d3bf	Golda	Russel	1978-05-15	Florissant	Mr. Seth Hane		97951	janie.wiza40@gmail.com	5584085978	normal	2021-02-05
f3bfd7da-badf-45c0-8885-2fb8e7f8e61e	Colton	Goodwin	2006-08-16	Clarksville	Jeannette Considine	F	35740	brook_stark57@yahoo.com	216	normal	2020-08-20
89958910-77f6-4792-bbff-c901e9440ce4	Moses	Herman	1970-06-13	Corona	Vickie Jacobi		76435	olga.goodwin@gmail.com	19746808948	normal	2023-10-13
9c1609a1-ac17-4099-89e2-bc9a36a6d674	Mia	Conroy	1939-02-17	New Shany	Alyssa Kuhn	F	25474	maximilian_grady69@hotmail.com	2243499666	normal	2024-05-18
14351c7a-ea02-4346-b2c3-aadee3a79f95	Lonny	Ondricka	1943-03-31	Midwest City	Damon Becker	M	45158	muriel84@hotmail.com	367	normal	2021-04-07
e97de1b0-7a22-4f52-99be-8dd4f69b53df	Robb	Shields	1960-11-13	Lake Budburgh	Clint Donnelly	M	65714	sabryna28@hotmail.com	6926075991	gold	2021-07-06
728ad36a-2138-40c0-b49e-e4e5e24f56b6	Abbey	Boyle	1975-06-30	Kovacektown	Brent Zboncak	M	77935	samantha_carter8@hotmail.com	2738436438	normal	2022-10-20
19ce9d33-63bb-44c7-af67-d7f228b47953	Micaela	Dickens	1931-10-05	Nienowburgh	Megan Murazik		32363	felicia_zieme59@yahoo.com	19285002585	gold	2023-08-20
5c303ed3-6d24-4c53-a8e9-9fba0745b1b2	Myrtle	Goldner	1930-06-12	Tatumhaven	Curtis Weimann	M	04590	ignacio58@gmail.com	239	gold	2022-01-19
6d282e67-c402-45fe-8ac7-1a9c4ae40d5a	Helga	Cruickshank	1950-06-05	Fort Adeline	Cameron Stehr	M	54950	russell_powlowski@yahoo.com	3894961081	normal	2021-11-14
77f943c4-53f6-46eb-bbb8-9ab23375672b	Jeffrey	Koelpin	1948-01-25	Schaeferview	Dr. Scott Zulauf		73924	darlene_bailey-herzog@hotmail.com	602	normal	2022-12-08
e222e4b4-3712-4922-9008-b0641ac3c586	Madge	Jast	1991-12-12	Jadashire	Flora Kulas	M	86915	jessie16@yahoo.com	14859046061	gold	2024-12-25
86708110-9f96-4a9f-b917-4165c9f3f67d	Odell	Hermiston	1966-03-19	Manteshire	Dave Jones		86907	general81@hotmail.com	2586688567	normal	2023-10-25
999b86dc-25e7-478a-be4f-9472c9bf31fd	Demarcus	Howell	1982-12-05	Turnerborough	Kara Emard	M	99941	freeda.robel61@hotmail.com	8955022133	normal	2025-04-26
6c71098f-17f1-4fbe-998b-8f1356aadfd4	Lilla	Hayes	1952-12-10	South Jimmyworth	Wilbur VonRueden	F	24047	simone.wuckert39@hotmail.com	19995387134	normal	2021-07-15
d5df2460-dcaf-487f-a775-2e9aa1434c9b	Albin	O'Keefe	1969-01-27	Priscillaport	Tammy Hamill I	M	82731	hertha_wiegand4@gmail.com	3568250793	normal	2020-06-12
4d6571f5-c141-470b-9253-7693adbad8f8	Emmalee	Anderson	1955-02-16	Urbanhaven	Stella Halvorson MD	F	67129	mateo78@yahoo.com	467	normal	2024-05-27
c30f153a-1395-489e-a801-1e75e82200e1	Marcelle	Cassin	1994-05-15	Livonia	Felipe Cole III	M	36592	aleen13@yahoo.com	4974831551	normal	2024-11-10
fd1ac2f3-df72-4e7b-9505-025d5fcb4c33	Ezequiel	Cronin	1992-09-18	Perris	Dr. Allison Schaefer	M	17888	mathias8@yahoo.com	3728745529	normal	2020-12-17
9e11447e-967c-4c3b-aab2-7134bd4fe5f3	Hyman	Howell	2001-12-23	Maggiocester	Darren Kozey	M	67141	gregory_jenkins@yahoo.com	2307949331	normal	2023-05-09
af0824ea-6d96-4a9f-a2b4-bdaa120497b9	Bessie	Kunze	1954-03-12	Mittiebury	Jean Mueller		79538	isac7@yahoo.com	693	normal	2023-05-17
0657bd5b-8231-4cdb-8ca0-654dc3201fab	Garnet	O'Keefe	1960-12-03	Fort Wayne	Kerry Zieme	M	20869	tessie_rutherford@yahoo.com	17227309032	normal	2024-09-28
4977e086-c0f8-4153-bd17-9fae7654e281	Elissa	Hessel	1962-11-24	East Maybell	Frank Dibbert	F	13152	joanny.nitzsche92@gmail.com	3456213730	normal	2021-03-14
f5b3d9f4-07be-41c6-bf3e-5677fa3eecfc	Aliza	Kutch	1986-07-10	Leanneview	Tanya Nader	M	38546	rachael_mclaughlin@hotmail.com	212	normal	2021-05-19
03a05a59-7316-4b1d-a5f2-bc7d9616bb7e	Dale	Tromp	1949-11-08	Cranston	Myrtle Kuhic		50521	kadin_veum@hotmail.com	3833985075	normal	2020-07-07
e3b363e0-bb4a-43dc-8670-a1170e314cf2	Corrine	Quitzon	1997-11-30	Camrynmouth	Nicolas Hayes	F	62368	jacinto5@gmail.com	18492683583	normal	2022-02-10
8eb0d8b5-89e4-4d8c-badb-ddc9b8525c3c	Niko	Lubowitz	1967-06-25	South Rigobertomouth	Diana Gleason I	F	23837	keagan.gerhold29@yahoo.com	536	normal	2025-03-19
99243890-c315-48ba-a606-ba7b8994de4d	Cleora	Cole	1942-01-24	North Felton	June Wyman		40748	demarco87@yahoo.com	12432667436	normal	2022-06-27
56422b38-8aad-4bca-a871-a0cf6d1b2aed	Avis	Block	1949-07-30	Schaeferbury	Vernon Denesik		92326	piper.ullrich@gmail.com	233	gold	2025-04-10
6c71b55d-f6f0-450a-ba67-62f34b815b89	Triston	Nikolaus	1925-12-05	Alafaya	Alexandra Ullrich	F	79868	brandon.wiza33@gmail.com	9539215901	vip	2021-02-09
f537dcbc-9267-4ce4-ab30-1413f8d0834e	Ruby	Spinka	1936-12-17	Schadenshire	Wayne Glover MD	F	74015	santos8@gmail.com	204	normal	2021-06-13
74be3b5d-4eec-43ec-badd-c3842ae1a757	Devyn	Heidenreich	1930-05-25	East Loisport	Ms. Melody Lindgren	F	13654	bert6@gmail.com	6269101370	normal	2023-03-13
17c2725f-fe9d-4067-8008-beffbcb84720	Zaria	Klein	2004-05-13	Dorrisport	Sharon Schmeler	M	78381	marcelino.gottlieb@yahoo.com	6878988558	normal	2021-01-09
705ab60a-a75b-4c09-8b7b-0abb75b47649	Ronny	Zemlak	1931-05-05	Chattanooga	Marion Volkman		04969	katrine0@hotmail.com	16618413204	normal	2020-05-21
7c3bb8cf-98cd-43f8-ab93-987e42a10e49	Alysa	Conn	1986-11-03	Lincoln	Ora Harris	M	91903	kali_barrows@hotmail.com	5962373402	normal	2021-05-10
aac7cd0d-7dbc-4a10-ba88-67ded371b8c7	Destinee	Sanford	1940-08-08	Padbergboro	Boyd Wisoky	F	39709	jacquelyn_rempel24@yahoo.com	8849623442	gold	2023-03-22
f8d259e0-14a4-4274-bff3-d6133913a22b	Dallin	Jast	1980-05-06	Lloydborough	Carmen Heathcote	F	00535	brendon.labadie-beer@yahoo.com	351	normal	2025-01-31
9bf297a7-256e-4bc2-8a3f-8571dc5ab137	Eulah	Klein	2004-09-21	Iowa City	Ms. Margarita Hodkiewicz		85300	avery_cassin@yahoo.com	903	gold	2024-10-19
ce5d01f3-f0ed-4456-ba50-4b8fc762d956	Art	Jakubowski	2001-09-26	Stehrport	Leon Schmitt	F	03804	idella.shields@gmail.com	14667318023	gold	2023-05-04
507f2e0d-87e4-49b0-9953-454c62d73c1a	Ambrose	O'Kon	1984-12-27	North Providenciside	Jonathon Kemmer		88697	ali_mcglynn@hotmail.com	844	normal	2023-10-13
aa430332-6359-483b-8613-e90fb7226501	Elenor	Wiza	1950-04-05	Schmidtview	Karl O'Hara	F	42753	adrain84@yahoo.com	9793573943	normal	2023-05-04
bc69c6f5-543e-451c-9f02-76e2e238bce7	Dianna	Johnston	1956-08-13	Quintonville	Jesus Greenholt	F	56646	carley.jerde@gmail.com	12005976355	vip	2022-07-03
801291a0-eaf6-4a39-8437-227fbf121bb1	Gloria	Christiansen	1974-08-18	Haucktown	Dr. Hector Conroy	F	88003	emmy63@hotmail.com	388	gold	2021-06-08
38126f0c-3531-4053-bec1-8357e9684dd8	Gerhard	Waelchi	1957-07-08	North Caesarton	Norma Schultz	M	48923	giovanny.gottlieb@yahoo.com	304	normal	2021-02-24
42064ce3-4d7b-45ce-bf25-f7b10596b2a7	Holden	Nienow	1992-07-11	Oberbrunnerton	Mr. Jay Weimann		58735	twila0@gmail.com	9132457503	normal	2025-02-03
c36d0fba-1aba-4319-9c3b-4f1082920fd7	Jodie	Douglas	1973-09-04	Hankton	Shelly O'Reilly	F	32866	mustafa92@gmail.com	13837725213	normal	2024-10-21
277592e5-f2bd-4f01-b96a-ad46e604b71e	Nicolas	Gleichner	1927-08-21	Fort Brendaside	Krystal Daniel	M	63472	amanda.cormier@gmail.com	4705307041	normal	2023-12-19
237b817d-14cf-48c0-adca-f08e5702e0e6	Jamaal	West	2001-11-14	Grand Island	Chelsea Reilly	M	63711	chloe.schoen77@hotmail.com	584	normal	2022-05-17
c53500f1-39c5-4673-94b3-f553fab9ec5e	Dedrick	Harber	1940-04-15	East Kamille	Joann Wiza	F	69500	alta_konopelski87@hotmail.com	7456329868	normal	2020-06-30
de7058ad-8dcf-4ad8-8c86-b2431e123c49	Stacy	Altenwerth	2000-05-20	Lillyburgh	Alejandro Bradtke	M	36769	weston_konopelski@hotmail.com	9964554958	normal	2021-12-02
2225b814-a8ef-4cb6-893c-10739eae1b89	Reva	Funk	1930-10-26	North Ferneshire	Freddie Goldner	M	97409	ocie79@yahoo.com	339	normal	2023-06-06
c686dfc9-f820-4624-acba-1874c94da4e5	Luna	Nikolaus-Ortiz	1961-10-09	Schillerburgh	Dennis Labadie	M	87780	corrine.kunde@yahoo.com	573	vip	2022-10-24
88e747d1-c7f6-4b27-973a-6fdf1dc09c22	Gianni	Gleason	1940-02-07	Fort Ernestina	Levi Gulgowski	M	59893	jack6@yahoo.com	5076702597	normal	2025-05-07
be4941fc-c2eb-49a5-9674-7fd2205133fb	Sierra	Kunde	1941-01-01	Arlington Heights	Candace Prohaska	F	61437	pansy_fadel0@yahoo.com	4524896350	normal	2020-11-24
5ee0b888-0c84-469e-9908-b9be1c8fd3f8	Arely	Schuppe	1991-02-26	San Clemente	Tony Kerluke	M	90188	twila_krajcik@yahoo.com	13843242938	normal	2025-04-14
37140004-a4ba-4973-891d-99d8fc0df441	Samara	Zemlak	1964-06-09	Caylaworth	Rodney Von	F	63237	georgianna85@yahoo.com	4308154393	normal	2024-12-29
75587fbc-c803-43d8-a950-35f0021411e8	Eli	Hackett	1937-07-26	Lake Jeanettefurt	Joann Witting		76745	leif.miller@yahoo.com	4998661074	gold	2020-10-14
0987f17a-52b8-4857-811f-6161278e7fca	Vicente	Predovic	1967-12-25	Rogahnport	Darlene Nikolaus	M	46365	elta.ferry@gmail.com	12822187924	normal	2021-10-15
b3e5f601-67c2-4070-badf-d0f125a4bb79	Ivah	Wisoky	1962-04-19	Port Amayaburgh	Dr. Clinton Kemmer	M	70569	oma_corwin@hotmail.com	5987029172	normal	2021-08-18
cfeea1e0-67e2-4c90-a884-c44e40a809de	Linwood	Monahan	1975-09-04	Beerton	Austin Schowalter-Wisoky I		40496	maddison.pfannerstill66@yahoo.com	831	normal	2025-01-25
c51d6cad-220f-4881-9a91-6195a6d0db3d	Jade	Doyle	1930-07-22	West Seneca	Maxine Grady	M	20298	wilhelm_schamberger73@yahoo.com	3324240944	normal	2021-11-29
2b5dcfe8-af4d-4a0c-8dab-32bb8ffee4d4	Jerrell	Rogahn	1943-01-19	Glenbury	Lance Luettgen	M	30366	jonas16@hotmail.com	543	normal	2023-04-08
bff6f6e2-23e3-4b29-8fa6-4463140c41cc	Alena	Daniel	1933-11-23	Lake Yessenia	Cecilia Schneider	M	47847	shane_corkery38@gmail.com	7272531821	normal	2022-04-30
918bd329-31a8-4b6d-9b6f-a3d8357d5183	Tyreek	Kub	1994-07-14	Tylershire	Lyle Reichel	M	21134	wyatt43@gmail.com	555	normal	2022-10-12
6a5b1359-bd65-4980-926d-d51e3028bff5	Arne	Hagenes	1965-05-09	Port Kaitlyn	Madeline Upton	F	25119	abel86@yahoo.com	805	normal	2021-07-31
166644f9-7c8b-45ef-9d36-0a47ea84dc8f	Kenton	Stracke	1972-12-11	New Luz	Roland Barrows-Boehm		99394	yvette_yundt@yahoo.com	447	gold	2021-02-23
fd0ded87-664d-49c8-8b9b-16ea40f614fc	Aurelie	Klein	1991-02-05	Kylieton	Austin Lynch		10553	lyla.fisher@gmail.com	584	normal	2021-09-30
1f337c2a-5547-4b9e-af06-cefc26e3268b	Savanna	Rippin	1997-06-04	Draketown	Lora Lang-Nienow		78596	noble37@yahoo.com	600	gold	2020-05-16
3d88edb0-6072-4aa4-a51b-9d1bd153ff74	Ibrahim	Conn	1976-01-25	East Terrance	Gretchen Kuvalis	M	31067	luella0@gmail.com	17005873937	normal	2023-07-09
a8d612b9-5ec5-4811-8b51-4b5045fae6a5	Regan	Rogahn	1942-03-14	West Lia	Christina Bruen	F	13777	oral_funk@yahoo.com	16213589786	normal	2021-05-14
e6a32923-a4b3-442a-ab40-3d2444d05e05	Brannon	Abshire	1949-08-13	South Obie	Carlos Romaguera MD	F	45347	edison29@yahoo.com	4335316118	gold	2024-12-26
750c9e8f-3b4f-4830-8a8c-bf28a2cb234e	Napoleon	Botsford	1974-04-26	Louisville/Jefferson County	Rafael Hahn	F	36723	isabell.kreiger@gmail.com	8623559940	gold	2022-10-22
4f692127-1cda-4e4f-8c89-afc81f2956e0	Arnaldo	O'Hara	1994-05-27	Schowalterport	Cameron Grady PhD	F	69545	chadd72@gmail.com	17776627403	normal	2025-03-27
da975829-ebbc-4249-a66d-b21fcc925cae	Mable	Purdy	1947-01-27	Fort Wilhelmine	Lewis Thompson		30911	bernita.buckridge23@gmail.com	14264570237	normal	2022-08-27
f1e68de8-d621-4731-8ae1-4d1949e34919	Hugh	Huel	2003-12-16	Lake Joany	Ray Ward	F	32387	omari84@hotmail.com	601	normal	2025-01-06
0cbb8c92-ce4a-4f0a-b50e-2a23bfca1b37	Marisol	Mraz	1927-09-11	South Skye	Austin Herman-Farrell	F	30128	emerson.deckow@gmail.com	855	normal	2023-05-14
439d3b8b-0eae-4dce-aec7-41a02168c132	Ayden	Langosh	1987-02-27	El Paso	Freddie Weissnat	M	44396	elisa5@hotmail.com	15538576659	gold	2022-01-04
eb0db140-4abb-40f3-a0f9-63a6479f97ee	Elvis	Dickens	2004-01-09	South Augustastead	Pauline Prohaska	F	74963	enos.runolfsdottir@hotmail.com	8294962231	normal	2024-05-20
4fecbb86-2da7-440d-bf96-4f5a03ed2028	Jasen	Olson	1935-11-22	Fort Zoila	Olivia Gibson	F	30775	micheal55@gmail.com	6367256556	normal	2022-10-29
3c48740e-e4ba-4a8c-84c1-009dbcd45ed3	Jude	Gutkowski	1927-12-22	Jaceyhaven	Harriet Rice	F	30257	mohammad_becker@yahoo.com	15744558078	normal	2022-02-27
a7289aee-f0a7-4b6f-a136-52023e5af070	Paolo	Kihn	1990-04-10	New Hester	Ruby Nolan		49327	angela_abernathy56@hotmail.com	331	normal	2023-05-19
26df00dd-7bf5-460e-b285-0422ee50b0e3	Lourdes	Gutkowski	1978-10-03	Alexandria	Silvia Carroll-Herzog	M	62918	elliot_keeling@gmail.com	7189005764	normal	2023-01-08
199d31f0-0305-428b-b1d0-7455517d691d	Violette	Mraz	1993-05-20	Temple	Derrick Wiza	F	50144	myron.dubuque@hotmail.com	4039741406	normal	2020-05-30
ac755c9b-4827-4285-8ccb-c519a10cce1d	Clark	Stroman	1939-01-12	Bartoletticester	William Kuvalis		35858	shanelle.boyer@gmail.com	12076741082	gold	2021-01-10
321d6f22-4485-4260-aeb0-b158378aae63	Corrine	Morissette	1934-09-19	Connview	Barry Crist V		25455	enola87@yahoo.com	3866547401	normal	2024-01-23
8aa1a4bc-179f-43cc-b1df-361361f78619	Savannah	Parisian	1944-11-16	Walshfield	Penny Raynor Sr.	F	90124	virgie96@hotmail.com	225	normal	2023-03-08
679ddb53-8e1a-45ce-bf6c-71983eacaac9	Daphne	Von	1968-07-16	North Charlottemouth	Sidney Mills-Paucek	M	69224	edyth68@gmail.com	7808886021	normal	2023-02-11
8784702a-afb0-4703-85cb-50dc00d6a23e	Damian	Dibbert	2004-11-05	Israelbury	Rosemarie Grimes	F	97726	don.zulauf@yahoo.com	16153906199	gold	2024-05-22
49d0464b-cf24-4181-acbc-a0be91e10a2c	Nakia	Cummerata	1968-04-12	Albany	Mr. Cameron Jerde		66938	annamae_willms11@yahoo.com	528	normal	2024-02-25
3b0fc02a-acc6-4b53-adb7-004287400cc7	Georgianna	Hodkiewicz	1993-03-25	Lafayette	Martin Adams	F	81247	joy4@yahoo.com	7703797146	gold	2023-10-12
3aa38f94-eaf8-46db-aaf5-0148fd8a88b9	Ardella	Halvorson	2000-04-25	Mantecester	Michelle Rowe	M	79366	tina34@hotmail.com	719	normal	2024-01-07
7b7843e8-77fd-4c14-9910-7a7625caf1c7	Grayson	Wilderman	1964-05-21	East Stephanyberg	Moses Grimes	F	87343	austin42@yahoo.com	16339533196	normal	2021-11-17
72a5209e-688e-42d0-a0cb-1a8e6e2ae3b1	Axel	Reynolds	1933-08-22	Johnstontown	Sonia Beahan	F	91656	katelin.weber82@gmail.com	9525898525	gold	2023-06-17
096f01ae-cb5c-4769-9b08-9bcac328a269	Orlo	Kemmer	1988-11-23	Tallahassee	Noah Satterfield		67550	tyrel_quitzon@gmail.com	268	normal	2022-08-18
d608414b-d845-4f9c-a561-1f7402e60c92	Emory	Abbott	1991-02-16	Sanfordstead	Nick Hintz-Harber		72290	royce69@gmail.com	18855372517	normal	2022-08-22
a527a563-cb69-4adc-8b03-223714b2fa1d	Chadd	Homenick	1953-07-01	Fort Irwinstead	Maryann Kutch	F	08366	darron.weimann@yahoo.com	7097666494	gold	2023-07-01
b7eadf5e-dc40-46b8-a119-53cbb9e8e0f0	Dario	Hintz	1965-01-14	North Damonland	Jackie Upton III	F	21494	abelardo17@yahoo.com	7335147589	vip	2022-04-07
eed58402-5b21-475f-8d3b-b3595d184d90	Daron	Abernathy	1994-12-17	Tallahassee	Laurence Crist		85816	lavonne.bailey90@gmail.com	18415562525	normal	2020-08-24
e6c016fd-9024-4222-a62e-99fb7afb76fa	Buster	Hahn	1952-12-09	Bellflower	Ruby Berge		32919	theo95@hotmail.com	6387292693	normal	2020-09-12
62f966e3-9396-4a15-ae65-53b649cbe229	Adonis	Monahan	1993-09-28	Lake Arnulfo	Kayla Fritsch	M	03114	cooper86@yahoo.com	364	gold	2022-07-19
47dfe0e2-1f24-4fc5-9013-4fa4022c6e7a	Ashtyn	Dach	2002-05-11	Ullrichberg	Dr. Wade Schmitt	M	32887	winfield.schinner@yahoo.com	5475830803	normal	2025-02-10
ae6b52a1-3c87-41ca-a81f-b1fbddf7b5ef	Jacky	Mraz	1953-08-10	Wesley Chapel	Sandra Kuphal	M	17499	claire_dicki@yahoo.com	4366637947	gold	2020-06-02
5c92a539-565d-4ae5-bd2d-1340b2d67f9d	Kaci	Huels	1984-04-25	Kyleland	Miss Minnie Bayer		87709	keaton5@hotmail.com	7342616500	normal	2022-06-15
f993b21a-47d6-4ccd-bb1f-64f079cc932c	Davin	Fritsch	1946-04-16	Wyattton	Clay Moen	M	13566	irma_schuster10@yahoo.com	13864364360	vip	2020-11-14
c0b360b3-dd81-4161-8daf-49d601b6be5d	Deborah	Bechtelar	1940-07-13	Hollyburgh	Mrs. Carla Boyle-Stracke		88123	regan75@yahoo.com	630	gold	2020-07-27
138e5a84-5764-4e19-b8a5-672fda433ff6	Ardella	O'Kon	1985-08-12	South Shanellemouth	Seth Carroll	M	25178	eduardo.wisoky13@gmail.com	707	normal	2021-12-27
de026f1a-7bfa-40c8-82aa-9239857190af	Dorothea	Huel	1979-11-23	Port Myrtie	Lyle O'Reilly	F	44094	magdalena91@gmail.com	2135932682	normal	2020-10-12
2ade9cca-08bf-453b-8929-346f6d93930c	Ismael	Borer	1936-12-09	Lake Antoinettefurt	Irving Stark	F	43552	maybelle_lebsack-larkin39@gmail.com	8775144058	normal	2022-03-08
16dca14d-97c3-4fd3-93e0-f17a3c2e5f88	Jarrett	Haley	1964-09-25	College Station	Johnnie Schmeler	F	28992	amari.prohaska@yahoo.com	13592519289	normal	2024-10-10
185a9bc6-ba29-4f18-81cd-4a6fb7990a56	Mandy	Harris	1969-12-23	New Tremaineshire	Ella Feil	F	03971	ruby_zieme24@yahoo.com	3302593714	vip	2020-11-09
6bae277a-73e7-4586-8926-6a1b74ec91d9	Deontae	Franecki	1985-08-11	Chicago	Walter Ankunding		77605	johan.mills@gmail.com	3887162491	normal	2025-03-29
e7e248a3-f0d7-4567-8039-715bb4e1bf77	Amely	Boyle	1972-02-26	Lake Ora	Alan Swift	F	39961	aurelie87@gmail.com	880	normal	2020-08-10
6332a964-f5ca-4f68-9748-c0ba591e6bef	Sandy	Rice	1994-04-03	East Chloeville	Tara Huels	M	53018	lonny_larson@hotmail.com	9847978133	normal	2023-07-04
9aa882ab-14f8-4984-a103-c5f2dcb1f6d6	Norene	Zieme	2000-06-07	East Friedrichstad	Velma Dooley	M	95469	colleen34@hotmail.com	360	gold	2023-01-08
85f39ca1-03b4-4ecf-8246-16f09108d278	Nigel	Treutel	1934-09-20	Arecibo	Mrs. Ellen Kub	F	91190	andreanne11@gmail.com	12157164273	normal	2021-01-31
2a3db1e4-e6f8-4428-b125-4255e0d3e290	Lora	Spencer	1985-11-16	Chesapeake	Gordon Dach		18517	johnathon.lind@hotmail.com	470	normal	2025-01-01
3747b1d5-6081-4c7d-a46a-cac4f97cc04c	Estrella	Padberg	1963-09-29	Graysonland	Mr. Marc Schowalter	F	67986	teresa.greenholt@yahoo.com	15412568527	normal	2022-12-06
0f07db50-0090-4f4a-aa0e-8e657fdb87e5	Jedidiah	Schmeler	1954-10-27	Conway	Ernest Barrows DVM		93351	kenneth.hirthe@yahoo.com	9394089379	normal	2021-11-18
8bc9c746-3eb5-49d1-9e54-9190f37ff0ef	Carrie	Williamson	1971-06-25	Reingerview	Brad Ledner		65247	isaias.rutherford67@gmail.com	722	gold	2022-12-22
cab898a4-9764-473f-a99c-6a8b7b089fd7	Delbert	Okuneva	1936-09-12	Columbus	Ismael Jerde		40074	tina.ernser@hotmail.com	6364854218	normal	2024-03-19
0a8933a5-629e-4814-93cd-e0a3682b6ab9	Corine	Leuschke	1946-08-25	McLaughlinmouth	Dr. Erika Leuschke V		19027	raquel39@hotmail.com	17568598137	gold	2024-01-28
9b52f06e-4f67-48ce-ac0d-84069bfa1cc3	Larry	Sporer	1946-12-01	Lake Ephraimstead	Kimberly Koch	F	47273	selena_tremblay37@gmail.com	730	gold	2022-09-18
bd459cd3-847b-4258-8549-dbc95e0e5b8a	Stacy	Beer	1965-10-29	Spencerstad	Stanley Schuster		23457	verdie.ohara74@gmail.com	4614558463	vip	2023-08-13
a1ae7d56-6776-445f-a865-d14640a3b099	Aaron	Jaskolski	1985-05-01	South Adrianna	Alyssa Stamm	F	32111	concepcion.blick@yahoo.com	3635592869	vip	2024-01-16
5181dad3-0cb9-429f-bfe0-35707c36a25b	Evangeline	Lubowitz	1949-06-18	Schusterport	Dr. Gwendolyn Swaniawski		83171	kaci59@yahoo.com	4724059070	normal	2020-06-23
b80b89c1-0481-48a7-9ffa-43eeb2839dd3	Xander	Koss	1960-07-12	Edmond	Jeffery Emmerich	F	23145	vinnie_orn95@yahoo.com	2268601996	normal	2020-05-30
5bf3df4b-d3bf-4cdb-9b9b-9ee70d53ed8f	Kira	Stamm	1926-08-18	Council Bluffs	Elena Batz		88895	rosendo_beier@gmail.com	725	gold	2022-07-22
3d9a07a8-1415-449c-81ab-a2cabcf60008	Ansley	Wuckert	2003-04-05	Berkeley	Glenn Hoppe	F	59820	matt_strosin58@gmail.com	15834992272	normal	2024-12-20
2901cedc-04d3-4e8b-9258-8ab585a2530b	Dane	Blick	1940-10-07	Emeliefort	Vicki Veum IV	M	93183	rosendo4@gmail.com	2976001168	normal	2024-06-17
5519d439-1a5e-4add-88df-9be039f44bc1	Regan	Boyer	1961-01-11	New York	Essie Spinka-Hegmann	M	74892	jammie_schinner@hotmail.com	19894778821	gold	2023-10-08
d3a22844-cf51-48a4-a333-87740427f766	Felton	Ratke	1993-10-18	Barnstable Town	Shane Steuber	F	64959	katherine67@gmail.com	19544470763	vip	2024-01-03
c614bde9-05bb-4c3d-ab24-fb45851cc842	Titus	Hahn	1969-01-01	Lake Taya	Felipe Graham	M	86138	marcelo76@yahoo.com	7557574173	normal	2024-05-13
24ed67e9-a83d-4d45-a6d0-28f42586dd6c	Lupe	Feeney	1949-12-12	Castle Rock	Teresa Hoppe		59117	lon_oreilly90@gmail.com	12072539811	normal	2024-07-30
5d5e3da0-4ee6-4622-9da3-756ff52b8710	Gretchen	Shields	1958-07-12	East Kiel	Harriet Sipes	F	64678	augusta_bayer@yahoo.com	7347462453	normal	2022-06-09
cac2ec00-13e1-4dd7-aa34-dc4c42e6073f	Meredith	Dach	1967-07-15	Stellaworth	Todd Koch		51309	larry_rippin54@hotmail.com	7573612624	normal	2022-03-02
4747d307-6b6c-4991-8266-44d14a74168e	Duane	Wehner	1938-09-29	VonRuedenfurt	Ana Nader		47134	delilah78@gmail.com	9259725813	normal	2023-11-13
b4ec5782-2f3a-455c-8d30-0eb8ac1b608b	Trinity	Lowe	1976-04-14	Phyllisfield	Ismael Champlin		21124	alex.mcglynn@hotmail.com	14948015230	normal	2022-05-21
45b25958-85d1-4459-ba27-0348328c0c90	Cruz	Bartell	1974-08-06	South Rory	Erin Rath	M	31122	maiya80@yahoo.com	319	normal	2021-12-27
3f9c0e68-1cf1-46e2-9cdb-fc4e7a056c17	Edwardo	Huel	1948-11-12	Destiniport	Orlando Torp-Nitzsche	M	37326	maynard4@hotmail.com	4817415988	normal	2024-11-06
968e1ddb-bc0d-4886-a269-520e662468c8	Petra	Hermann	1977-09-13	Mckaylafort	Pauline Mosciski III		66406	newell_muller@yahoo.com	494	normal	2025-03-17
16916971-2397-46e9-8bb0-257ed8ce95cb	Magnolia	Swaniawski	1956-03-31	Susanastad	Clifton Farrell		19252	jamel46@yahoo.com	980	gold	2021-10-29
2e91d3f6-779c-4b1b-b8a5-2c368e0303f2	Brannon	Hudson	1951-10-20	Pembroke Pines	Hazel Parisian	F	08270	marlon.rolfson66@gmail.com	18978573125	normal	2023-08-13
136bf47e-25d8-428b-af57-c98f267ae016	Rafaela	Dibbert	1977-09-30	Julienview	Ginger Reinger	M	99413	carolyn_heidenreich@yahoo.com	19904219150	normal	2023-04-23
3406d335-c232-4761-9b5d-fc794b344bc6	Cordelia	Kirlin	1987-01-01	Rohanton	Sonja Blick	M	03675	marjory59@yahoo.com	2358682234	normal	2022-02-14
93462dda-1595-48f6-b4e0-30f6da47997f	Ariel	Hodkiewicz	1991-10-22	North Zackarycester	Alison Denesik	M	73378	willa_ohara@yahoo.com	278	gold	2021-04-20
33b95820-5afc-4c80-820e-a9d2cdc58891	Aiyana	Tromp	1951-07-17	Wyoming	Darlene Oberbrunner	M	76673	mattie_wuckert65@gmail.com	4369430517	normal	2022-11-06
c71da9ce-9308-448e-8183-2e5f5aa8bc01	Skyla	Mills	1972-02-06	Port Wymanworth	Samuel Lemke		79064	favian.weimann7@gmail.com	7152634171	normal	2023-12-18
a6c6b286-d0a2-41fb-9eae-789b5d67419d	Bell	Smitham	1996-02-08	Bend	Laverne Toy		41759	phoebe_bartell@yahoo.com	12949990506	gold	2021-01-24
acfae4a3-d7ab-42ce-b2d0-ffd042be815f	Jamaal	Ruecker	1970-04-17	New Jacynthe	Kara Beer	M	37990	guadalupe95@hotmail.com	15523275873	normal	2024-09-16
2bf9b690-ee5c-495c-9fe5-aade78848d69	Ruthe	Kirlin	1996-03-15	Lehnerton	Gladys Nikolaus	F	81034	matilde.gerlach@yahoo.com	4824556709	gold	2021-03-18
fda5d574-8800-425c-8aa7-3d442ad65e90	Fred	Rolfson	1935-05-12	South Ashlee	Garry Rohan	M	63979	myron_abshire@hotmail.com	5666360807	normal	2021-01-09
2956ad5d-cb18-4357-ba2f-e11db2ffa83a	Isaiah	Emard	1934-01-03	South Carrollbury	Chris O'Reilly		16401	clifford.koch13@hotmail.com	15018348036	normal	2022-06-05
f1bc1865-e845-423d-a515-082ed80d4391	Chloe	Goyette	1933-10-07	Kanemouth	Ms. Sue McDermott	F	93799	demarcus.hills52@hotmail.com	993	normal	2021-10-14
b1f843e6-2667-45a3-a605-715a048647de	Henri	Walter	1984-03-14	Port Houston	Ivan Bechtelar		59170	catalina17@gmail.com	853	normal	2020-06-10
83987714-7886-4fc2-9d3a-6b6dd567a73d	Narciso	Rosenbaum-Lockman	1969-12-24	San Luis Obispo	Jody Moore		26825	brooke_brown@yahoo.com	3105902773	gold	2024-02-19
88eb5f31-f7e2-4584-8e69-e2308475a2f1	Lucius	Aufderhar	1953-10-30	New Major	Clara Gorczany	M	71534	corene75@gmail.com	5289730262	normal	2022-01-15
8ad2fdf3-0fd2-4e8f-8b94-4e3408c0bcf1	Scottie	Barrows	1997-09-01	Fort Laronboro	Blanca Heller	M	48742	luisa.friesen@yahoo.com	8176755102	gold	2025-04-22
e465e24a-3562-4159-be94-0997cdf2466c	Eda	Gusikowski	1928-06-05	Greeley	Jane Gislason	F	39623	khalid_berge99@yahoo.com	4696484029	normal	2023-12-06
e3726fde-54b2-49d3-bb9b-0da6e220b123	Mariela	Schultz	1997-09-12	Port Arnoldcester	Cory Harber		80751	jazlyn.stiedemann54@yahoo.com	17986358853	normal	2024-09-21
5f93d193-fba7-4f71-93cb-eeab4abfa6fc	Kirstin	Jakubowski	1936-01-15	Lee's Summit	Edmond Hills	F	42890	magali21@hotmail.com	323	normal	2023-10-03
55852990-cbac-4e41-b76a-c7c6471f65f0	Marjory	Mraz	1994-03-04	Lake Clementina	Charles Schuster		17738	aurelie0@hotmail.com	243	normal	2020-11-07
2c4f26f1-8e67-4123-a74b-92cdfbfb2804	Merlin	Kunde	1958-11-13	Abdielbury	Dr. Frankie Zemlak-Shields I	M	81977	anibal_beer67@hotmail.com	947	gold	2022-11-17
634a068f-0f78-4d03-aabc-489155b03180	Hosea	Wisoky	1938-08-09	Kianport	Mr. Derrick Zemlak	F	98424	krista.kohler25@yahoo.com	4422377111	normal	2025-02-08
c5ceb00b-2fee-4c84-b421-d9196b211b83	George	Larkin	1976-03-09	East Reva	Marshall Bauch	M	88472	kane_kemmer@yahoo.com	17038195846	normal	2021-01-13
238b95e8-5b2b-499a-9cce-a8d5befa0456	Evelyn	Homenick	1990-08-14	Tremainetown	Lisa Mayert	M	44049	marjorie95@yahoo.com	14773616837	normal	2022-01-03
0f9e6363-f2a6-4529-a70a-4f26500e9afe	Geovanni	Wehner	1996-04-20	Charlottesville	Gwendolyn Kihn	M	98452	adelle.schuppe@yahoo.com	931	normal	2025-02-09
edac70b2-7e48-48f7-8956-f98c8b920aa0	Bradly	Romaguera	1974-02-19	South Calebboro	Bernadette Wisoky	F	97969	seamus37@hotmail.com	13279208989	normal	2025-03-15
9ad17926-eb61-4428-acae-5bdba558a046	Margie	Hudson	1926-07-04	West Raleigh	Randal Swift-Klein	F	72620	jaclyn13@gmail.com	16889356566	vip	2024-01-26
3e97a9a7-b236-4a9c-87d5-a874955e1c8c	Jordyn	Bashirian	1937-08-25	Medhurstberg	Colleen Grant Jr.	F	01202	antonette13@gmail.com	7759863216	normal	2022-07-18
6166f49b-3b52-4af8-8046-740e66a2320d	Jillian	Reichert	1972-07-14	Reillyfield	Wayne Hodkiewicz IV	M	55901	gennaro82@yahoo.com	8843366841	normal	2021-04-29
faf9f821-5ce5-479c-bd37-e76def3b2432	Santos	Lebsack-Ankunding	1938-03-26	Luettgenburgh	Shirley MacGyver	F	12822	tressie_abbott77@gmail.com	220	normal	2022-10-06
0cab38de-29a9-4bae-98b5-d3ce06318add	Marisol	Boehm-Gibson	2003-01-23	Creminberg	Andrea Witting DDS	M	95856	korey79@hotmail.com	407	normal	2024-04-02
11cd6f65-a801-462d-abed-31bc96947cbf	Gregory	Block	1990-03-17	Waterloo	Wilfred Kautzer	M	04125	roma.olson19@yahoo.com	6866364448	vip	2023-07-01
5952c7f3-4002-4242-94be-1fd136fcd147	Claudia	Collier	1949-05-24	East Evangeline	Kathleen Legros		40935	levi_conn23@hotmail.com	7046826876	normal	2022-05-08
556ceb99-6c6c-448c-8f90-5ad9a2ebb141	Marjorie	Kunze	1989-02-22	West Trystanboro	Iris McClure		08772	blanche.little@gmail.com	849	normal	2021-03-25
6304ac84-270e-47b0-84fd-db1c058d9613	Dewayne	Goldner	1930-09-12	East Honolulu	Doug Schuppe		40083	bonnie54@hotmail.com	17964881897	normal	2021-03-27
ee62bbe4-aae9-44fb-a61b-b195c7381c18	Ladarius	Yundt	1950-02-18	Fort Brendan	Mitchell Kilback	F	09890	osbaldo35@gmail.com	4626276445	normal	2021-12-15
9de90915-5190-4ca7-a3ce-4a2e42c08c3f	Alta	Zieme-Swaniawski	1950-02-08	Lazaroborough	Wade Cronin	M	53204	ken27@yahoo.com	19013901601	vip	2023-10-19
6502cfb2-9113-4526-9ebd-1ac7a8b5ba2a	Ayla	Hayes	1974-07-29	Mertiechester	Sandy Ondricka	M	89269	maci.heaney7@gmail.com	2164403336	gold	2024-05-15
30b8dd66-71ed-4cbb-a180-fc5df513f975	Florence	Watsica	1937-06-19	Bakersfield	Rudy Feest		64269	clare.wolff9@gmail.com	734	normal	2024-02-12
de99f1e6-bd74-40f0-a503-dbe17dac4a96	Verona	Nienow	1928-12-15	Port Marquisside	Ismael Olson PhD	F	88259	rozella.torp74@yahoo.com	13364192756	normal	2022-09-26
7b0ba5c4-9012-4622-bcd0-7d0c870cd002	Angus	Kozey	1943-09-02	Grapevine	Kelvin Wintheiser		61022	ines.powlowski@yahoo.com	3645309001	normal	2021-06-03
48464f4f-c5b6-499b-a0e6-1e07422c4c2b	Gerry	Kuvalis	1983-11-20	New Zachariah	Mr. Shawn Tromp	F	09648	rowena.kunze8@gmail.com	19866732945	normal	2024-08-13
2b1d9397-1531-48fe-98c0-83d7dfb152ef	Anabelle	Wintheiser	1960-10-15	Jacestad	Bridget Kuhn		33025	rowan_hudson@yahoo.com	6685118123	vip	2024-04-13
43fa69ea-5fdb-4260-ac77-27fcd706384c	Caitlyn	Hackett	1980-06-14	Gulgowskichester	Ginger Friesen	F	59062	augusta_wiegand59@gmail.com	6027761822	normal	2024-01-18
3ab4ec63-6c75-4290-b98e-626872dd57d5	Fatima	Ferry	1957-11-20	Macview	Dr. Willard D'Amore	M	02070	rosalyn18@yahoo.com	17988406727	normal	2022-03-26
2241a1e8-61b6-464c-821f-30f382153f8d	Erick	Runolfsson	1977-06-23	Miami Beach	Mr. Gilbert Brakus	F	29955	lilian16@hotmail.com	16235425777	normal	2024-04-16
776448bb-ce90-4349-be77-11d86ac22e60	Naomie	Zulauf	1940-07-29	North Quincy	Jennie Walter	M	68712	audie.gusikowski@yahoo.com	568	normal	2024-07-01
ab35d40e-7d31-48c5-bd0f-96a333c2a031	Marlee	Hoeger	1935-01-22	Grand Junction	Bob Kuphal	F	76248	mikel_jast76@yahoo.com	395	normal	2022-12-02
1e1cd044-1ccf-4746-af4a-4d9fc602208e	Cathrine	Hoppe	1965-08-10	New Geoffreybury	Mr. Phillip Sporer	M	46950	anibal.wehner21@gmail.com	511	normal	2020-09-27
32f05f1e-cf71-408f-b0c3-576304e5e1c0	Summer	Cassin	1949-07-15	Bretberg	Stacey Aufderhar		26938	norberto_torphy@gmail.com	9363459387	normal	2024-02-11
6fd33ef1-bffb-44f6-a4e8-28388ea2f2a3	Jaclyn	Ankunding	1955-03-24	West Edythe	Kate Wisoky	F	86673	karl_schmidt@hotmail.com	823	normal	2024-01-13
03fde0a9-614e-4ed1-8c67-a9baa0b8c21d	Kailee	Ledner	1988-09-08	New Joanastead	Cary Koepp		21498	miguel.marquardt@yahoo.com	654	normal	2024-07-27
8c042364-95b6-4a59-bae6-4c587eee7641	Daisha	Ryan	1952-07-01	Napa	Dr. Wade Blick		98900	olga_mcglynn4@hotmail.com	7353090353	normal	2024-03-15
95a8355d-6928-4353-a69b-97bb2ab4cc58	Wayne	Wunsch	1981-05-20	Arlieshire	Ms. Amy Murphy		30815	dave80@hotmail.com	614	vip	2023-01-23
7bfdbb59-7456-416c-b105-eeb4cc145010	Holden	Predovic	1992-12-10	West Constanceberg	Mrs. Nadine McKenzie	F	15545	andre50@yahoo.com	3615266569	normal	2023-07-15
b8f1eb71-3bb0-4936-907e-1c71d6437191	Dina	Pfannerstill	2002-11-23	Kiraview	Deborah Nienow Sr.	M	35925	demetrius9@yahoo.com	14139119610	vip	2022-11-13
0b7a5d0a-b066-44f1-b4ad-9bd2ae5a1ec7	Lavina	O'Connell	1994-04-24	Buckridgeville	Dr. Sarah Price	F	74978	bruce.marvin66@gmail.com	5618430876	normal	2023-12-24
58688890-aef1-4386-9d5e-4732bc94c305	Will	Bashirian	1985-01-30	Lake Walter	Alma Kemmer		76589	alta.lynch@hotmail.com	5545355277	normal	2020-11-03
9ffd95d4-ddcf-414b-92d0-1b510ecbf2ed	Makenna	Schiller	1943-11-27	Henderson	Ella Dare		62973	talia.torp@gmail.com	5672827827	normal	2020-07-12
458f4912-967b-4968-81fc-67b6b5100a1a	Wade	Grimes	1934-10-11	South Laurianeburgh	Mindy Ferry		66016	zachariah_schmeler@yahoo.com	219	gold	2022-06-13
7a09dcb6-000c-4eff-b293-e44ade9d8354	Jamal	Jacobson	1934-04-20	Ivorystad	Alfred Renner	M	70195	sabryna86@gmail.com	8017674939	vip	2024-08-05
4aa96916-6a94-4296-b571-6b4853bb62cb	Aleen	Murray	1979-11-13	College Station	Eduardo Cremin I		00660	kavon.prohaska17@hotmail.com	340	normal	2023-06-24
0fc6bd35-c162-4cee-8c59-a43d712f0e93	Brett	Buckridge	2005-04-02	South Kylieton	Edward Kassulke Sr.	M	82581	velda64@hotmail.com	15398233554	normal	2023-03-10
eeed2c29-1aa7-48c4-8143-d8a83d7c7904	Branson	Renner-Stokes	1950-11-08	Rowlett	Josh Johnston	M	40038	reanna_beier@yahoo.com	8943636834	normal	2021-01-11
daddfba9-fc60-41fe-a2cf-c382bdc3732d	Annabel	Bernier	1988-07-14	Fort Chesleystead	Lewis Marks		46262	maia86@gmail.com	14519455413	normal	2020-06-11
c4a20355-93af-4eeb-979e-12f07de1dc54	Royce	Emmerich	1979-07-22	Adamsbury	Jana Romaguera		52693	darion.connelly71@yahoo.com	15318427260	normal	2024-10-28
7eb65196-8b55-4fdb-9bf9-cb789c8e6643	Doug	Dietrich	1941-09-11	Fort Graciela	Justin Will III	M	12622	ida14@hotmail.com	713	normal	2023-04-27
82122fd3-bea8-4c75-ac62-051531020266	Davonte	Huels	1944-02-08	Kenner	Brandy Bernier	F	01268	ardella64@gmail.com	9179766175	gold	2023-11-27
75e89dbb-40e7-49e0-b50c-8709b8e0b914	Carley	Quigley	1947-04-12	Gastonia	Rick Kling		83119	santiago.nikolaus@gmail.com	2984958042	normal	2024-03-28
e1bef622-ad1b-481e-9ccf-07f0ad37d67c	Norma	Kautzer	1932-05-18	Haleytown	Patrick Carroll II	M	46493	travon_herman48@hotmail.com	4518505931	vip	2024-02-21
396fc867-eb62-4a05-8b18-9ee01eb9bf8d	Perry	Wintheiser	1996-12-28	Pico Rivera	Robin Prosacco II	M	70991	ellsworth_raynor9@yahoo.com	6156167316	normal	2021-09-11
61fe0b05-7b74-4b27-a50d-10e1041e2698	Kianna	Jaskolski	1941-11-10	Spinkaborough	Mr. Spencer Armstrong	M	41694	lance50@gmail.com	383	normal	2022-04-26
2539230e-4b5b-413b-b2fd-43f1fbe0f357	Layne	Hessel	1959-02-22	North Cyrus	Toby Johnson	M	79177	hudson_wolff49@gmail.com	9409034845	normal	2023-11-04
edec515e-f87f-4a6f-a35c-67bd816acfbd	Devan	Hegmann	1939-03-22	Lake Delphiaworth	Ricardo Wunsch	M	07130	burley.stokes-doyle51@yahoo.com	212	normal	2022-05-05
4a3fb83c-20a5-437d-8fe7-7c245673fc93	Dedric	Schuppe	1981-03-27	Eldredburgh	Miss Edna Denesik	M	15683	jennie_borer13@gmail.com	602	gold	2021-05-14
7638777c-9c9b-44f9-951d-31fe2dce6d29	Jamil	O'Conner	2006-10-12	North Florida	Stewart Berge	M	25172	vaughn24@gmail.com	669	normal	2022-11-06
0f394b49-3b65-4619-b538-cc22ae88bfd6	Hilbert	Kunde	1946-11-08	Pittsfield	Daniel Funk	F	82782	amy.mante@gmail.com	583	vip	2020-12-10
977dde26-67e9-435c-b1ca-05df2fdc6734	Ewell	Greenholt	1999-03-25	Jerdeport	Lucia Altenwerth	F	64156	duane_bogan@gmail.com	3299678588	normal	2023-08-30
96ebbd28-c2c8-4809-aafe-341fc14bd097	Bartholome	Gottlieb	1964-01-01	Jazminburgh	Brandy Gutmann		50554	clara.hegmann66@hotmail.com	7696025758	normal	2024-12-17
7e381f6e-2e23-45ca-a917-38e26fd3c412	Renee	Koss	1952-01-09	Keeblerton	Reginald Walter		16686	golda.brekke52@gmail.com	16466387745	vip	2022-10-06
06302002-199b-400d-8a30-46593edd24ea	Marty	O'Connell	1981-03-09	Port Milliestad	Marilyn Toy	M	88740	gabe_gleason72@hotmail.com	8924349878	normal	2024-04-16
51375387-ef68-4a84-a7c0-3bafd5b97bbf	Hollie	Hane	1991-02-27	New Johanna	Juan Hamill	M	93629	franco.kunde51@hotmail.com	2816623023	gold	2022-05-28
8f78bbfa-ce3a-4cd8-ae19-dc986f4fb3b7	Denis	Hilll	1980-03-07	Johnsonboro	Sandra Barrows Jr.	M	31113	ashton.wolff3@hotmail.com	799	vip	2020-09-25
5b458e72-77c9-4f1c-aebc-75b5bd538d13	Claudine	Rutherford	1939-10-27	Cartwrightfort	Orville Lueilwitz	M	92892	oma.wintheiser4@hotmail.com	6209369622	normal	2024-08-05
eea41570-0602-43ef-bc46-0a04aadbdc6e	Marlin	Becker	1944-10-19	Mullerboro	Jackie Glover	M	58766	elvie.mckenzie23@yahoo.com	15735660846	normal	2023-08-02
cd53fe46-2f3b-4149-88be-435f63cae192	Linnea	Dietrich	1956-06-01	Rosenbaumstad	Crystal Corwin		49556	crystel40@gmail.com	8526841501	normal	2020-06-17
ba32933d-5d7d-454e-972e-2a95b3bcfc00	Lucy	Botsford	2004-06-29	North Arjunworth	Camille Ryan		38309	tatyana.veum@yahoo.com	333	normal	2024-11-18
e55f9046-964c-442c-ab38-24f515bcc45c	Mylene	Wintheiser	1984-08-08	South Gerhardfort	Willard Lowe	M	85610	price_welch7@yahoo.com	509	normal	2021-01-19
cf59e6fc-9c0f-4943-a0ca-82b46ea68916	Karine	Hettinger	1969-01-21	Lake Nedrastead	Wm McLaughlin	F	09389	beaulah98@gmail.com	7329607588	normal	2022-04-14
99a94c4f-c242-4484-b72e-31f87907f20f	Belle	Harris	1963-12-20	Hodkiewiczfurt	Dorothy Thompson	M	02188	neoma_mosciski@hotmail.com	5638278359	normal	2025-01-18
abe8eb71-d6e5-428c-8189-f41641cd2904	Greg	Lowe	1970-01-25	Ritchieport	Ida Koepp	M	09899	lenny_bergstrom76@hotmail.com	5303094318	normal	2024-06-21
9c5a45c4-27d9-4029-aa1b-c308fc6dba54	Myra	White	1956-12-11	Littlestead	Josephine Jacobi		70551	jalyn_bergstrom28@gmail.com	882	normal	2020-07-15
7aaf973f-58ad-43aa-b811-fb8b677e2bee	Elena	Upton	1983-08-04	Flint	Cora Mueller		65371	garnet7@hotmail.com	253	normal	2023-01-24
490ae8a5-8600-4d54-bf5f-0761b1e638a0	Zackary	Upton	1954-11-15	Fort Wilhelminefort	Eddie Schmeler-Botsford	M	91686	saul29@gmail.com	9418636906	normal	2020-08-28
0ded6518-f6bb-4aef-82ec-6e111b45d2ff	Tyrel	Kirlin-Jones	1955-04-30	Iowa City	Garrett Heidenreich PhD		11343	noble94@gmail.com	17967002025	normal	2021-11-30
ab4e9392-2a38-41ae-a47f-b68a2928f40e	Nigel	Okuneva	1984-03-16	North Liaview	Dr. Clifford West	F	37639	calista_macejkovic@hotmail.com	537	normal	2024-02-22
4268d520-a957-4523-aec4-f95208be25df	Camron	Cormier	1967-08-06	Mrazshire	Martin Hauck		34439	valentine.powlowski49@yahoo.com	2833995050	normal	2022-10-21
d3512df0-0fc0-4512-a9b7-e260ef75169f	Ashlynn	Farrell	1933-03-20	New Kamilleborough	Frank Veum		97162	general.vandervort@hotmail.com	16148614763	normal	2020-06-17
330efd73-93ce-4bc7-a23f-ce3b729ee858	Marlene	Hegmann	1932-01-27	North Camylle	Ms. Traci Gerhold	F	40033	hosea_kulas@hotmail.com	9299473563	normal	2022-12-05
daa0acc5-5e73-45c1-976e-42e06ffbf234	Rod	Christiansen	1935-02-14	Lake Webster	Dustin Bartell		13861	leda_cremin@hotmail.com	2452211085	normal	2023-05-16
9382bca5-b1e6-46c2-babc-c502bfd29e16	Darron	Friesen-Roob	1943-05-27	Borerfort	Elijah Abernathy		90197	deshaun12@yahoo.com	5876520047	normal	2022-03-17
190d96c4-9d1c-4dda-8c67-46382d9c3a00	Jerald	Runolfsdottir	1944-09-10	Fort Zoilamouth	Michael Dickinson		57148	astrid.torp@gmail.com	4124934344	normal	2024-10-14
62f46698-347d-4161-8685-61e370490379	Hillary	Fay	1963-12-13	Gerlachcester	Johnathan Schimmel-O'Keefe	F	94112	aaron9@gmail.com	503	vip	2023-09-11
2a62630a-eb3e-4af6-994a-622555e9b2f0	Destiney	Friesen	1952-08-03	Fort Emiliafurt	Cedric Dach		13322	mollie61@yahoo.com	7085839707	normal	2023-11-26
41e89774-358e-48c4-8c56-d3b9d93ff691	Adell	Gislason	1949-05-30	Tyshawnshire	Mrs. Velma Torp DDS	F	98897	orville_ernser21@hotmail.com	6153604787	normal	2023-07-08
73439076-d721-43fb-9dac-09addc159f5c	Brenden	Bechtelar	1961-05-02	Heathcotestad	Dwight Windler IV	M	80801	chester87@hotmail.com	9307840303	vip	2024-02-07
2715e2de-f559-47c2-a4b0-a62391ea3245	Alisha	Wolff	2006-06-08	Tremblaymouth	Lila Johnson	F	43611	regan.daugherty66@hotmail.com	2814010003	normal	2022-01-04
afee9f79-88f6-4a4d-8d89-ffc0bf69aa81	Rico	Mertz	1948-06-12	Wolfstad	Victor Reichel	M	40230	isabel_howe@gmail.com	18098134975	normal	2024-04-22
4b5bc6ba-de0c-48d7-b7d8-61822a4ad2ff	Jess	Wolf	1926-02-01	Jonathanbury	Chad Gulgowski-Lehner		54736	annie_hamill@gmail.com	13268490158	gold	2021-05-05
86d1e8da-6f1a-4d13-a487-790e61a35394	Kayli	Kutch	1989-11-07	Paradise	Cindy Thiel		58627	archibald20@gmail.com	504	normal	2022-09-06
94ca3017-8af3-4d09-8134-9457bb1b4045	Taryn	Purdy	1981-08-28	Bentonton	Brittany Windler		51017	bert_sporer-hermiston@hotmail.com	4942711546	normal	2025-05-02
f262fe89-4d10-42dc-8935-1695c5b3b52d	Erin	Skiles	1960-12-30	West Sadieton	Lori Schneider DDS		49148	jayme_abbott14@gmail.com	2969336278	normal	2022-01-16
427b5d62-8e8f-4b5c-913a-77b7f7835144	Mervin	Wehner	1936-08-08	Fort Vernonfurt	Luke Jakubowski III	M	89128	henri_reinger52@gmail.com	325	normal	2020-11-14
2ce55943-fe3e-4f9c-9b15-c00735808d8d	Layla	Stoltenberg	1925-08-10	Bertshire	Cristina Cartwright	F	39035	ruthie.altenwerth@yahoo.com	16569388503	normal	2021-09-22
b88b84b9-0143-493a-b3a2-e1d14134d62c	Chanel	Champlin	1944-09-03	West Trystan	Verna Upton	F	64007	heidi60@yahoo.com	978	normal	2022-05-03
152157d9-f43a-45a2-877d-9d043833b5e3	Juliana	Gerlach	1990-02-10	Kertzmanncester	Celia Zulauf	M	59011	zoe_kuvalis@yahoo.com	269	normal	2022-03-08
cbee07f7-33b3-4bb0-a046-3cb8f7810dfe	Paul	Abernathy	1955-08-27	Wiltonstad	Madeline Herman	M	34651	jayson.bernhard19@hotmail.com	616	normal	2021-05-11
e5ac71ee-71f5-4386-a8d4-5584498bcf7d	Stephany	Lowe	1936-09-14	North Rudolph	Vicki Beier	M	07273	katlynn.hills12@yahoo.com	9298978932	normal	2022-02-26
3b797310-4ccc-4a2d-bd9d-c76d41da2f4b	Lukas	Jakubowski	1961-03-06	New Aracelyland	Lyle McLaughlin		72592	blaze_wolff22@yahoo.com	522	vip	2025-01-13
a426e8b1-ba57-4cb3-939c-46ff9097f2e5	Jasper	Kihn	1990-01-10	Lake Fredrick	Clara Muller	M	90238	alisa.brekke52@gmail.com	6589235679	normal	2024-12-02
e547e184-1f79-46cc-bef9-4e8479d50372	Gonzalo	Jakubowski	1955-11-11	Chico	Billy Trantow		43106	ladarius.macejkovic@hotmail.com	4535158049	normal	2024-05-01
837b5efb-e080-4035-9835-dcf0944fbc23	Harmony	Ruecker	1934-11-20	Rosemead	Jack Volkman	M	52860	alison62@hotmail.com	5297959635	normal	2022-04-06
f269421f-50a1-46e7-8796-2635c8998447	Gaetano	Kris	1934-06-12	Tillmanfort	Mr. Malcolm Borer	M	47651	kimberly.rutherford89@yahoo.com	18858058869	normal	2021-10-20
d11b7450-8333-48a1-a2b1-ce424dcbb7d3	Golda	Gerhold-Prohaska	1993-03-10	Eugeniastead	Bryan Bins		24651	sylvan.homenick1@gmail.com	8454848500	normal	2022-09-09
1ba64551-7928-48cd-93cb-b5ebef6d8438	Lorenzo	Jones	1989-06-15	Lake Virginie	Dr. Nicole Wyman	F	45790	ryleigh_nikolaus@hotmail.com	2817049082	normal	2022-06-22
c2a84e2e-d6b7-465e-90c4-34dc8e9dd203	Yadira	Jerde	1949-06-17	Zacharyville	Melba Waters II	F	87574	antwon_huel23@yahoo.com	848	normal	2021-08-02
a3a5e9e5-b550-4edf-bd77-423eb9be674d	Jewell	Wehner	1955-03-06	New Athena	Kerry Cronin	M	59240	nikita66@gmail.com	5148658135	normal	2022-09-13
434b3471-53cb-4bb1-8416-facd025f9568	Trace	Weissnat	2000-06-08	Pomona	Miss Virginia Dickinson	M	75171	keara_lehner38@yahoo.com	8805637739	normal	2021-03-26